{
  "css": {
    "properties": {
      "-moz-border-top-colors": {
        "__compat": {
          "mdn_url": "https://developer.mozilla.org/docs/Web/CSS/-moz-border-top-colors",
          "support": {
            "chrome": {
              "version_added": false
            },
            "chrome_android": {
              "version_added": false
            },
            "edge": {
              "version_added": false
            },
            "edge_mobile": {
              "version_added": false
            },
            "firefox": {
              "version_added": "1",
              "version_removed": "59",
              "notes": [
                "In Firefox 59, the property was limited to usage in chrome code only (See <a href='https://bugzil.la/1417200'>bug 1417200</a>).",
                "In Firefox 60, the property was removed completely (See <a href='https://bugzil.la/1429723'>bug 1429723</a>)."
              ]
            },
            "firefox_android": {
              "version_added": "4",
              "version_removed": "59",
              "notes": [
                "In Firefox 59, the property was limited to usage in chrome code only (See <a href='https://bugzil.la/1417200'>bug 1417200</a>).",
                "In Firefox 60, the property was removed completely (See <a href='https://bugzil.la/1429723'>bug 1429723</a>)."
              ]
            },
            "ie": {
              "version_added": false
            },
            "opera": {
              "version_added": false
            },
            "opera_android": {
              "version_added": false
            },
            "safari": {
              "version_added": false
            },
            "safari_ios": {
              "version_added": false
            },
            "samsunginternet_android": {
              "version_added": false
            },
            "webview_android": {
              "version_added": false
            }
          },
          "status": {
            "experimental": false,
            "standard_track": false,
            "deprecated": false
          }
        }
      }
    }
  }
}
