{
  "css": {
    "properties": {
      "-moz-orient": {
        "__compat": {
          "mdn_url": "https://developer.mozilla.org/docs/Web/CSS/-moz-orient",
          "support": {
            "chrome": {
              "version_added": false
            },
            "chrome_android": {
              "version_added": false
            },
            "edge": {
              "version_added": false
            },
            "edge_mobile": {
              "version_added": false
            },
            "firefox": {
              "version_added": "6"
            },
            "firefox_android": {
              "version_added": "6"
            },
            "ie": {
              "version_added": false
            },
            "opera": {
              "version_added": false
            },
            "opera_android": {
              "version_added": false
            },
            "safari": {
              "version_added": false
            },
            "safari_ios": {
              "version_added": false
            },
            "samsunginternet_android": {
              "version_added": false
            },
            "webview_android": {
              "version_added": false
            }
          },
          "status": {
            "experimental": false,
            "standard_track": false,
            "deprecated": false
          }
        },
        "auto": {
          "__compat": {
            "description": "<code>auto</code> value",
            "support": {
              "chrome": {
                "version_added": false
              },
              "chrome_android": {
                "version_added": false
              },
              "edge": {
                "version_added": false
              },
              "edge_mobile": {
                "version_added": false
              },
              "firefox": {
                "version_added": "21",
                "version_removed": "40",
                "notes": "The <code>auto</code> value was equivalent to <code>horizontal</code>."
              },
              "firefox_android": {
                "version_added": "21",
                "version_removed": "40",
                "notes": "The <code>auto</code> value was equivalent to <code>horizontal</code>."
              },
              "ie": {
                "version_added": false
              },
              "opera": {
                "version_added": false
              },
              "opera_android": {
                "version_added": false
              },
              "safari": {
                "version_added": false
              },
              "safari_ios": {
                "version_added": false
              },
              "samsunginternet_android": {
                "version_added": false
              },
              "webview_android": {
                "version_added": false
              }
            },
            "status": {
              "experimental": false,
              "standard_track": false,
              "deprecated": true
            }
          }
        },
        "inline_and_block": {
          "__compat": {
            "description": "<code>inline</code> and <code>block</code> values",
            "support": {
              "chrome": {
                "version_added": false
              },
              "chrome_android": {
                "version_added": false
              },
              "edge": {
                "version_added": false
              },
              "edge_mobile": {
                "version_added": false
              },
              "firefox": {
                "version_added": "40"
              },
              "firefox_android": {
                "version_added": "40"
              },
              "ie": {
                "version_added": false
              },
              "opera": {
                "version_added": false
              },
              "opera_android": {
                "version_added": false
              },
              "safari": {
                "version_added": false
              },
              "safari_ios": {
                "version_added": false
              },
              "samsunginternet_android": {
                "version_added": false
              },
              "webview_android": {
                "version_added": false
              }
            },
            "status": {
              "experimental": false,
              "standard_track": false,
              "deprecated": false
            }
          }
        }
      }
    }
  }
}
