{
  "css": {
    "properties": {
      "background": {
        "__compat": {
          "mdn_url": "https://developer.mozilla.org/docs/Web/CSS/background",
          "support": {
            "chrome": {
              "version_added": "1"
            },
            "chrome_android": {
              "version_added": "18"
            },
            "edge": {
              "version_added": "12"
            },
            "edge_mobile": {
              "version_added": true
            },
            "firefox": {
              "version_added": "1"
            },
            "firefox_android": {
              "version_added": "4"
            },
            "ie": {
              "version_added": "4"
            },
            "opera": {
              "version_added": "3.5"
            },
            "opera_android": {
              "version_added": "5"
            },
            "safari": {
              "version_added": "1"
            },
            "safari_ios": {
              "version_added": "3.2"
            },
            "samsunginternet_android": {
              "version_added": true
            },
            "webview_android": {
              "version_added": "2"
            }
          },
          "status": {
            "experimental": false,
            "standard_track": true,
            "deprecated": false
          }
        },
        "multiple_backgrounds": {
          "__compat": {
            "description": "Multiple backgrounds",
            "support": {
              "chrome": {
                "version_added": "1"
              },
              "chrome_android": {
                "version_added": "18"
              },
              "edge": {
                "version_added": "12"
              },
              "edge_mobile": {
                "version_added": true
              },
              "firefox": {
                "version_added": "3.6"
              },
              "firefox_android": {
                "version_added": "4"
              },
              "ie": {
                "version_added": "9"
              },
              "opera": {
                "version_added": "10.5"
              },
              "opera_android": {
                "version_added": null
              },
              "safari": {
                "version_added": "1.3"
              },
              "safari_ios": {
                "version_added": "3.2"
              },
              "samsunginternet_android": {
                "version_added": true
              },
              "webview_android": {
                "version_added": "2"
              }
            },
            "status": {
              "experimental": false,
              "standard_track": true,
              "deprecated": false
            }
          }
        },
        "SVG_image_as_background": {
          "__compat": {
            "description": "SVG image as background",
            "support": {
              "chrome": {
                "version_added": "31"
              },
              "chrome_android": {
                "version_added": "31"
              },
              "edge": {
                "version_added": "12"
              },
              "edge_mobile": {
                "version_added": true
              },
              "firefox": {
                "version_added": "9"
              },
              "firefox_android": {
                "version_added": "4"
              },
              "ie": {
                "version_added": "9"
              },
              "opera": {
                "version_added": "21"
              },
              "opera_android": {
                "version_added": true
              },
              "safari": {
                "version_added": "5.1"
              },
              "safari_ios": {
                "version_added": "4.2"
              },
              "samsunginternet_android": {
                "version_added": null
              },
              "webview_android": {
                "version_added": "3"
              }
            },
            "status": {
              "experimental": false,
              "standard_track": true,
              "deprecated": false
            }
          }
        },
        "background-size": {
          "__compat": {
            "description": "Values of <code>background-size</code> longhand",
            "support": {
              "chrome": {
                "version_added": "21"
              },
              "chrome_android": {
                "version_added": "25"
              },
              "edge": {
                "version_added": "12"
              },
              "edge_mobile": {
                "version_added": true
              },
              "firefox": {
                "version_added": "9"
              },
              "firefox_android": {
                "version_added": "18"
              },
              "ie": {
                "version_added": "9"
              },
              "opera": {
                "version_added": "21"
              },
              "opera_android": {
                "version_added": true
              },
              "safari": {
                "version_added": "5.1"
              },
              "safari_ios": {
                "version_added": "4"
              },
              "samsunginternet_android": {
                "version_added": true
              },
              "webview_android": {
                "version_added": "3"
              }
            },
            "status": {
              "experimental": false,
              "standard_track": true,
              "deprecated": false
            }
          }
        },
        "background-origin": {
          "__compat": {
            "description": "Values of <code>background-origin</code> longhand",
            "support": {
              "chrome": {
                "version_added": "21"
              },
              "chrome_android": {
                "version_added": "25"
              },
              "edge": {
                "version_added": "12"
              },
              "edge_mobile": {
                "version_added": true
              },
              "firefox": {
                "version_added": "22"
              },
              "firefox_android": {
                "version_added": "22"
              },
              "ie": {
                "version_added": "9"
              },
              "opera": {
                "version_added": "21"
              },
              "opera_android": {
                "version_added": false
              },
              "safari": {
                "version_added": "5.1"
              },
              "safari_ios": {
                "version_added": "4"
              },
              "samsunginternet_android": {
                "version_added": null
              },
              "webview_android": {
                "version_added": "3"
              }
            },
            "status": {
              "experimental": false,
              "standard_track": true,
              "deprecated": false
            }
          }
        },
        "background-clip": {
          "__compat": {
            "description": "Values of <code>background-clip</code> longhand",
            "support": {
              "chrome": {
                "version_added": "21"
              },
              "chrome_android": {
                "version_added": "25"
              },
              "edge": {
                "version_added": "12"
              },
              "edge_mobile": {
                "version_added": true
              },
              "firefox": {
                "version_added": "22"
              },
              "firefox_android": {
                "version_added": "22"
              },
              "ie": {
                "version_added": "9"
              },
              "opera": {
                "version_added": "21"
              },
              "opera_android": {
                "version_added": false
              },
              "safari": {
                "version_added": "5.1"
              },
              "safari_ios": {
                "version_added": "4"
              },
              "samsunginternet_android": {
                "version_added": null
              },
              "webview_android": {
                "version_added": "3"
              }
            },
            "status": {
              "experimental": false,
              "standard_track": true,
              "deprecated": false
            }
          }
        }
      }
    }
  }
}
