{
  "css": {
    "properties": {
      "backdrop-filter": {
        "__compat": {
          "mdn_url": "https://developer.mozilla.org/docs/Web/CSS/backdrop-filter",
          "support": {
            "chrome": {
              "version_added": "47",
              "flags": [
                {
                  "type": "preference",
                  "name": "Enable Experimental Web Platform Features"
                }
              ]
            },
            "chrome_android": {
              "version_added": "47",
              "flags": [
                {
                  "type": "preference",
                  "name": "Enable Experimental Web Platform Features"
                }
              ]
            },
            "edge": {
              "version_added": "17"
            },
            "edge_mobile": {
              "version_added": false
            },
            "firefox": {
              "version_added": false,
              "notes": "See <a href='https://bugzil.la/1178765'>bug 1178765</a>."
            },
            "firefox_android": {
              "version_added": false,
              "notes": "See <a href='https://bugzil.la/1178765'>bug 1178765</a>."
            },
            "ie": {
              "version_added": false
            },
            "opera": {
              "version_added": "34",
              "flags": [
                {
                  "type": "preference",
                  "name": "Enable Experimental Web Platform Features"
                }
              ]
            },
            "opera_android": {
              "version_added": null
            },
            "safari": {
              "prefix": "-webkit-",
              "version_added": "9"
            },
            "safari_ios": {
              "version_added": null
            },
            "samsunginternet_android": {
              "version_added": false
            },
            "webview_android": {
              "version_added": false
            }
          },
          "status": {
            "experimental": true,
            "standard_track": true,
            "deprecated": false
          }
        }
      }
    }
  }
}
