{
  "css": {
    "properties": {
      "background-image": {
        "__compat": {
          "mdn_url": "https://developer.mozilla.org/docs/Web/CSS/background-image",
          "support": {
            "chrome": {
              "version_added": "1"
            },
            "chrome_android": {
              "version_added": true
            },
            "edge": {
              "version_added": "12"
            },
            "edge_mobile": {
              "version_added": true
            },
            "firefox": {
              "version_added": "1",
              "notes": "If the <code>browser.display.use_document_colors</code> user preference in <code>about:config</code> is set to <code>false</code>, background images will not be displayed."
            },
            "firefox_android": {
              "version_added": "4",
              "notes": "If the <code>browser.display.use_document_colors</code> user preference in <code>about:config</code> is set to <code>false</code>, background images will not be displayed."
            },
            "ie": {
              "version_added": "4"
            },
            "opera": {
              "version_added": "3.5"
            },
            "opera_android": {
              "version_added": true
            },
            "safari": {
              "version_added": "1"
            },
            "safari_ios": {
              "version_added": true
            },
            "samsunginternet_android": {
              "version_added": true
            },
            "webview_android": {
              "version_added": true
            }
          },
          "status": {
            "experimental": false,
            "standard_track": true,
            "deprecated": false
          }
        },
        "multiple_backgrounds": {
          "__compat": {
            "description": "Multiple backgrounds",
            "support": {
              "chrome": {
                "version_added": "1"
              },
              "chrome_android": {
                "version_added": true
              },
              "edge": {
                "version_added": "12"
              },
              "edge_mobile": {
                "version_added": true
              },
              "firefox": {
                "version_added": "3.6"
              },
              "firefox_android": {
                "version_added": "4"
              },
              "ie": {
                "version_added": "9"
              },
              "opera": {
                "version_added": true
              },
              "opera_android": {
                "version_added": true
              },
              "safari": {
                "version_added": "1.3"
              },
              "safari_ios": {
                "version_added": true
              },
              "samsunginternet_android": {
                "version_added": true
              },
              "webview_android": {
                "version_added": true
              }
            },
            "status": {
              "experimental": false,
              "standard_track": true,
              "deprecated": false
            }
          }
        },
        "gradients": {
          "__compat": {
            "mdn_url": "https://developer.mozilla.org/docs/Web/CSS/gradient",
            "description": "Gradients",
            "support": {
              "chrome": {
                "version_added": "1",
                "notes": "Some versions support only experimental gradients prefixed with <code>-webkit</code>."
              },
              "chrome_android": {
                "version_added": true,
                "notes": "Some versions support only experimental gradients prefixed with <code>-webkit</code>."
              },
              "edge": {
                "version_added": "12"
              },
              "edge_mobile": {
                "version_added": true
              },
              "firefox": {
                "version_added": "3.6",
                "notes": "Some versions support only experimental gradients prefixed with <code>-moz</code>."
              },
              "firefox_android": {
                "version_added": "4",
                "notes": "Some versions support only experimental gradients prefixed with <code>-moz</code>."
              },
              "ie": {
                "version_added": "10"
              },
              "opera": {
                "version_added": "11",
                "notes": "Some versions support only experimental gradients prefixed with <code>-o</code>."
              },
              "opera_android": {
                "version_added": true,
                "notes": "Some versions support only experimental gradients prefixed with <code>-o</code>."
              },
              "safari": {
                "version_added": "4",
                "notes": "Some versions support only experimental gradients prefixed with <code>-webkit</code>."
              },
              "safari_ios": {
                "version_added": true,
                "notes": "Some versions support only experimental gradients prefixed with <code>-webkit</code>."
              },
              "samsunginternet_android": {
                "version_added": true
              },
              "webview_android": {
                "version_added": true
              }
            },
            "status": {
              "experimental": false,
              "standard_track": true,
              "deprecated": false
            }
          }
        },
        "svg_images": {
          "__compat": {
            "description": "SVG images",
            "support": {
              "chrome": {
                "version_added": "8"
              },
              "chrome_android": {
                "version_added": true
              },
              "edge": {
                "version_added": "12"
              },
              "edge_mobile": {
                "version_added": true
              },
              "firefox": {
                "version_added": "4"
              },
              "firefox_android": {
                "version_added": "4"
              },
              "ie": {
                "version_added": "9"
              },
              "opera": {
                "version_added": "9.5"
              },
              "opera_android": {
                "version_added": true
              },
              "safari": {
                "version_added": "5",
                "notes": "Support of SVG in CSS background is incomplete."
              },
              "safari_ios": {
                "version_added": "5",
                "notes": "Support of SVG in CSS background is incomplete."
              },
              "samsunginternet_android": {
                "version_added": true
              },
              "webview_android": {
                "version_added": false
              }
            },
            "status": {
              "experimental": false,
              "standard_track": true,
              "deprecated": false
            }
          }
        },
        "element": {
          "__compat": {
            "description": "<code>element()</code>",
            "support": {
              "chrome": {
                "version_added": false
              },
              "chrome_android": {
                "version_added": false
              },
              "edge": {
                "version_added": false
              },
              "edge_mobile": {
                "version_added": false
              },
              "firefox": {
                "version_added": true,
                "notes": "<code>element()</code> is supported only in its <code>-moz-element()</code> prefixed version"
              },
              "firefox_android": {
                "version_added": true,
                "notes": "<code>element()</code> is supported only in its <code>-moz-element()</code> prefixed version"
              },
              "ie": {
                "version_added": false
              },
              "opera": {
                "version_added": false
              },
              "opera_android": {
                "version_added": false
              },
              "safari": {
                "version_added": false
              },
              "safari_ios": {
                "version_added": false
              },
              "samsunginternet_android": {
                "version_added": false
              },
              "webview_android": {
                "version_added": false
              }
            },
            "status": {
              "experimental": true,
              "standard_track": true,
              "deprecated": false
            }
          }
        },
        "image-rect": {
          "__compat": {
            "mdn_url": "https://developer.mozilla.org/docs/Web/CSS/-moz-image-rect",
            "description": "<code>image-rect()</code>",
            "support": {
              "chrome": {
                "version_added": false
              },
              "chrome_android": {
                "version_added": false
              },
              "edge": {
                "version_added": false
              },
              "edge_mobile": {
                "version_added": false
              },
              "firefox": {
                "prefix": "-moz-",
                "version_added": true,
                "notes": "<code>image-rect()</code> is supported only in its <code>-moz-image-rect()</code> prefixed version."
              },
              "firefox_android": {
                "prefix": "-moz-",
                "version_added": true,
                "notes": "<code>image-rect()</code> is supported only in its <code>-moz-image-rect()</code> prefixed version."
              },
              "ie": {
                "version_added": false
              },
              "opera": {
                "version_added": false
              },
              "opera_android": {
                "version_added": false
              },
              "safari": {
                "version_added": false
              },
              "safari_ios": {
                "version_added": false
              },
              "samsunginternet_android": {
                "version_added": false
              },
              "webview_android": {
                "version_added": false
              }
            },
            "status": {
              "experimental": true,
              "standard_track": true,
              "deprecated": false
            }
          }
        },
        "image-set": {
          "__compat": {
            "mdn_url": "https://developer.mozilla.org/docs/Web/CSS/image-set",
            "description": "<code>image-set()</code>",
            "support": {
              "chrome": {
                "prefix": "-webkit-",
                "version_added": "21"
              },
              "chrome_android": {
                "prefix": "-webkit-",
                "version_added": true
              },
              "edge": {
                "version_added": null
              },
              "edge_mobile": {
                "version_added": null
              },
              "firefox": {
                "version_added": false,
                "notes": "See <a href='https://bugzil.la/1107646'>bug 1107646</a>."
              },
              "firefox_android": {
                "version_added": false,
                "notes": "See <a href='https://bugzil.la/1107646'>bug 1107646</a>."
              },
              "ie": {
                "version_added": null
              },
              "opera": {
                "prefix": "-webkit-",
                "version_added": "15"
              },
              "opera_android": {
                "prefix": "-webkit-",
                "version_added": "15"
              },
              "safari": {
                "prefix": "-webkit-",
                "version_added": "6",
                "partial_implementation": true,
                "notes": "Support for <code>url</code> images only and <code>x</code> is the only supported resolution unit. See <a href='https://webkit.org/b/160934'>bug 160934</a>."
              },
              "safari_ios": {
                "prefix": "-webkit-",
                "version_added": "6",
                "partial_implementation": true,
                "notes": "Support for <code>url</code> images only and <code>x</code> is the only supported resolution unit. See <a href='https://webkit.org/b/160934'>bug 160934</a>."
              },
              "samsunginternet_android": {
                "prefix": "-webkit-",
                "version_added": "4.0"
              },
              "webview_android": {
                "prefix": "-webkit-",
                "version_added": "4.4"
              }
            },
            "status": {
              "experimental": true,
              "standard_track": true,
              "deprecated": false
            }
          }
        },
        "any_image": {
          "__compat": {
            "description": "Any <code>&lt;image&gt;</code> value",
            "support": {
              "chrome": {
                "version_added": true
              },
              "chrome_android": {
                "version_added": true
              },
              "edge": {
                "version_added": null
              },
              "edge_mobile": {
                "version_added": null
              },
              "firefox": {
                "version_added": false
              },
              "firefox_android": {
                "version_added": false
              },
              "ie": {
                "version_added": null
              },
              "opera": {
                "version_added": null
              },
              "opera_android": {
                "version_added": null
              },
              "safari": {
                "version_added": null
              },
              "safari_ios": {
                "version_added": null
              },
              "samsunginternet_android": {
                "version_added": true
              },
              "webview_android": {
                "version_added": true
              }
            },
            "status": {
              "experimental": false,
              "standard_track": true,
              "deprecated": false
            }
          }
        }
      }
    }
  }
}
