{
  "css": {
    "properties": {
      "background-repeat": {
        "__compat": {
          "mdn_url": "https://developer.mozilla.org/docs/Web/CSS/background-repeat",
          "support": {
            "chrome": {
              "version_added": "1"
            },
            "chrome_android": {
              "version_added": null
            },
            "edge": {
              "version_added": "12"
            },
            "edge_mobile": {
              "version_added": true
            },
            "firefox": {
              "version_added": "1"
            },
            "firefox_android": {
              "version_added": "4"
            },
            "ie": {
              "version_added": "4"
            },
            "opera": {
              "version_added": "3.5"
            },
            "opera_android": {
              "version_added": null
            },
            "safari": {
              "version_added": "1"
            },
            "safari_ios": {
              "version_added": null
            },
            "samsunginternet_android": {
              "version_added": null
            },
            "webview_android": {
              "version_added": null
            }
          },
          "status": {
            "experimental": false,
            "standard_track": true,
            "deprecated": false
          }
        },
        "multiple_backgrounds": {
          "__compat": {
            "description": "Multiple backgrounds",
            "support": {
              "chrome": {
                "version_added": "1"
              },
              "chrome_android": {
                "version_added": null
              },
              "edge": {
                "version_added": "12"
              },
              "edge_mobile": {
                "version_added": true
              },
              "firefox": {
                "version_added": "3.6"
              },
              "firefox_android": {
                "version_added": "4"
              },
              "ie": {
                "version_added": "9"
              },
              "opera": {
                "version_added": "10.5"
              },
              "opera_android": {
                "version_added": null
              },
              "safari": {
                "version_added": "1.3"
              },
              "safari_ios": {
                "version_added": null
              },
              "samsunginternet_android": {
                "version_added": null
              },
              "webview_android": {
                "version_added": null
              }
            },
            "status": {
              "experimental": false,
              "standard_track": true,
              "deprecated": false
            }
          }
        },
        "2-value": {
          "__compat": {
            "description": "Two-value syntax (different values for x & y directions)",
            "support": {
              "chrome": {
                "version_added": true
              },
              "chrome_android": {
                "version_added": null
              },
              "edge": {
                "version_added": "12"
              },
              "edge_mobile": {
                "version_added": true
              },
              "firefox": {
                "version_added": "13"
              },
              "firefox_android": {
                "version_added": "14"
              },
              "ie": {
                "version_added": "9"
              },
              "opera": {
                "version_added": true
              },
              "opera_android": {
                "version_added": null
              },
              "safari": {
                "version_added": true
              },
              "safari_ios": {
                "version_added": null
              },
              "samsunginternet_android": {
                "version_added": null
              },
              "webview_android": {
                "version_added": null
              }
            },
            "status": {
              "experimental": false,
              "standard_track": true,
              "deprecated": false
            }
          }
        },
        "round_space": {
          "__compat": {
            "description": "<code>round</code> and <code>space</code> keywords",
            "support": {
              "chrome": {
                "version_added": true
              },
              "chrome_android": {
                "version_added": null
              },
              "edge": {
                "version_added": "12"
              },
              "edge_mobile": {
                "version_added": true
              },
              "firefox": {
                "version_added": "49"
              },
              "firefox_android": {
                "version_added": "49"
              },
              "ie": {
                "version_added": "9"
              },
              "opera": {
                "version_added": "10.5"
              },
              "opera_android": {
                "version_added": null
              },
              "safari": {
                "version_added": true
              },
              "safari_ios": {
                "version_added": null
              },
              "samsunginternet_android": {
                "version_added": null
              },
              "webview_android": {
                "version_added": null
              }
            },
            "status": {
              "experimental": false,
              "standard_track": true,
              "deprecated": false
            }
          }
        }
      }
    }
  }
}
