{
  "css": {
    "properties": {
      "border-style": {
        "__compat": {
          "mdn_url": "https://developer.mozilla.org/docs/Web/CSS/border-style",
          "support": {
            "chrome": {
              "version_added": "1"
            },
            "edge": {
              "version_added": "12"
            },
            "edge_mobile": {
              "version_added": "12"
            },
            "firefox": {
              "version_added": "1",
              "notes": "Prior to Firefox 50, border styles of rounded corners were always rendered as if <code>border-style</code> was solid. This has been fixed in Firefox 50."
            },
            "firefox_android": {
              "version_added": "4",
              "notes": "Prior to Firefox 50, border styles of rounded corners were always rendered as if <code>border-style</code> was solid. This has been fixed in Firefox 50."
            },
            "ie": {
              "version_added": "4"
            },
            "opera": {
              "version_added": "3.5"
            },
            "opera_android": {
              "version_added": true
            },
            "safari": {
              "version_added": "1"
            },
            "safari_ios": {
              "version_added": "3"
            },
            "webview_android": {
              "version_added": "3"
            }
          },
          "status": {
            "experimental": false,
            "standard_track": true,
            "deprecated": false
          }
        }
      }
    }
  }
}
