{
  "css": {
    "properties": {
      "box-lines": {
        "__compat": {
          "mdn_url": "https://developer.mozilla.org/docs/Web/CSS/box-lines",
          "support": {
            "chrome": {
              "version_added": true,
              "version_removed": "67",
              "prefix": "-webkit-"
            },
            "chrome_android": {
              "version_added": true,
              "version_removed": "67",
              "prefix": "-webkit-"
            },
            "edge": {
              "version_added": null
            },
            "edge_mobile": {
              "version_added": null
            },
            "firefox": {
              "version_added": false
            },
            "firefox_android": {
              "version_added": false
            },
            "ie": {
              "version_added": null
            },
            "opera": {
              "version_added": true,
              "version_removed": "54",
              "prefix": "-webkit-"
            },
            "opera_android": {
              "version_added": true,
              "version_removed": "54",
              "prefix": "-webkit-"
            },
            "safari": [
              {
                "version_added": "3",
                "prefix": "-webkit-"
              },
              {
                "version_added": "1.1",
                "prefix": "-khtml-"
              }
            ],
            "safari_ios": {
              "version_added": "1",
              "prefix": "-webkit-"
            },
            "samsunginternet_android": {
              "version_added": null
            },
            "webview_android": {
              "version_added": true,
              "version_removed": "67",
              "prefix": "-webkit-"
            }
          },
          "status": {
            "experimental": false,
            "standard_track": false,
            "deprecated": true
          }
        }
      }
    }
  }
}
