{
  "css": {
    "properties": {
      "clip-path": {
        "__compat": {
          "mdn_url": "https://developer.mozilla.org/docs/Web/CSS/clip-path",
          "support": {
            "chrome": [
              {
                "version_added": "55"
              },
              {
                "prefix": "-webkit-",
                "version_added": "24"
              }
            ],
            "chrome_android": [
              {
                "version_added": "55"
              },
              {
                "prefix": "-webkit-",
                "version_added": true
              }
            ],
            "edge": {
              "version_added": "15",
              "notes": "Edge only supports clip paths defined by <code>url()</code>."
            },
            "edge_mobile": {
              "version_added": "12",
              "notes": "Edge only supports clip paths defined by <code>url()</code>."
            },
            "firefox": {
              "version_added": "3.5"
            },
            "firefox_android": {
              "version_added": "4"
            },
            "ie": {
              "version_added": true,
              "notes": "Internet Explorer only supports clip paths defined by <code>url()</code>."
            },
            "opera": {
              "version_added": "42"
            },
            "opera_android": {
              "version_added": "42"
            },
            "safari": {
              "version_added": false
            },
            "safari_ios": {
              "version_added": false
            },
            "samsunginternet_android": {
              "version_added": "6.0"
            },
            "webview_android": [
              {
                "version_added": "55"
              },
              {
                "prefix": "-webkit-",
                "version_added": true
              }
            ]
          },
          "status": {
            "experimental": false,
            "standard_track": true,
            "deprecated": false
          }
        },
        "svg": {
          "__compat": {
            "description": "On SVG elements",
            "support": {
              "chrome": {
                "version_added": "55"
              },
              "chrome_android": {
                "version_added": "55"
              },
              "edge": {
                "version_added": "15"
              },
              "edge_mobile": {
                "version_added": "12"
              },
              "firefox": {
                "version_added": "52"
              },
              "firefox_android": {
                "version_added": "52"
              },
              "ie": {
                "version_added": true
              },
              "opera": {
                "version_added": "42"
              },
              "opera_android": {
                "version_added": "42"
              },
              "safari": {
                "version_added": false
              },
              "safari_ios": {
                "version_added": false
              },
              "samsunginternet_android": {
                "version_added": "6.0"
              },
              "webview_android": {
                "version_added": "55"
              }
            },
            "status": {
              "experimental": false,
              "standard_track": true,
              "deprecated": false
            }
          }
        },
        "html": {
          "__compat": {
            "description": "On HTML elements",
            "support": {
              "chrome": [
                {
                  "version_added": "55"
                },
                {
                  "prefix": "-webkit-",
                  "version_added": "24"
                }
              ],
              "chrome_android": [
                {
                  "version_added": "55"
                },
                {
                  "prefix": "-webkit-",
                  "version_added": true
                }
              ],
              "edge": {
                "version_added": false
              },
              "edge_mobile": {
                "version_added": false
              },
              "firefox": {
                "version_added": "3.5"
              },
              "firefox_android": {
                "version_added": "4"
              },
              "ie": {
                "version_added": false
              },
              "opera": {
                "version_added": "42"
              },
              "opera_android": {
                "version_added": "42"
              },
              "safari": {
                "version_added": false
              },
              "safari_ios": {
                "version_added": false
              },
              "samsunginternet_android": [
                {
                  "version_added": "6.0"
                },
                {
                  "prefix": "-webkit-",
                  "version_added": true
                }
              ],
              "webview_android": {
                "version_added": "55"
              }
            },
            "status": {
              "experimental": true,
              "standard_track": true,
              "deprecated": false
            }
          }
        },
        "basic_shape": {
          "__compat": {
            "description": "<code>&lt;basic-shape&gt;</code>",
            "support": {
              "chrome": {
                "version_added": "55"
              },
              "chrome_android": {
                "version_added": "55"
              },
              "edge": {
                "version_added": false
              },
              "edge_mobile": {
                "version_added": false
              },
              "firefox": [
                {
                  "version_added": "54"
                },
                {
                  "version_added": "47",
                  "version_removed": true,
                  "flags": [
                    {
                      "type": "preference",
                      "name": "layout.css.clip-path-shapes.enabled",
                      "value_to_set": "true"
                    }
                  ]
                }
              ],
              "firefox_android": [
                {
                  "version_added": "54"
                },
                {
                  "version_added": "47",
                  "version_removed": true,
                  "flags": [
                    {
                      "type": "preference",
                      "name": "layout.css.clip-path-shapes.enabled",
                      "value_to_set": "true"
                    }
                  ]
                }
              ],
              "ie": {
                "version_added": false
              },
              "opera": {
                "version_added": "42"
              },
              "opera_android": {
                "version_added": "42"
              },
              "safari": {
                "version_added": false
              },
              "safari_ios": {
                "version_added": false
              },
              "samsunginternet_android": {
                "version_added": "6.0"
              },
              "webview_android": {
                "version_added": "55"
              }
            },
            "status": {
              "experimental": false,
              "standard_track": true,
              "deprecated": false
            }
          }
        },
        "path": {
          "__compat": {
            "description": "<code>path()</code>",
            "support": {
              "chrome": {
                "version_added": false
              },
              "chrome_android": {
                "version_added": false
              },
              "edge": {
                "version_added": false
              },
              "edge_mobile": {
                "version_added": false
              },
              "firefox": {
                "version_added": "63",
                "flags": [
                  {
                    "type": "preference",
                    "name": "layout.css.clip-path-path.enabled",
                    "value_to_set": "true"
                  }
                ]
              },
              "firefox_android": {
                "version_added": "63",
                "flags": [
                  {
                    "type": "preference",
                    "name": "layout.css.clip-path-path.enabled",
                    "value_to_set": "true"
                  }
                ]
              },
              "ie": {
                "version_added": false
              },
              "opera": {
                "version_added": false
              },
              "opera_android": {
                "version_added": false
              },
              "safari": {
                "version_added": false
              },
              "safari_ios": {
                "version_added": false
              },
              "samsunginternet_android": {
                "version_added": false
              },
              "webview_android": {
                "version_added": false
              }
            },
            "status": {
              "experimental": false,
              "standard_track": true,
              "deprecated": false
            }
          }
        },
        "animations": {
          "__compat": {
            "description": "Animations",
            "support": {
              "chrome": {
                "version_added": "55"
              },
              "chrome_android": {
                "version_added": "55"
              },
              "edge": {
                "version_added": false
              },
              "edge_mobile": {
                "version_added": false
              },
              "firefox": {
                "version_added": "49"
              },
              "firefox_android": {
                "version_added": "49"
              },
              "ie": {
                "version_added": false
              },
              "opera": {
                "version_added": "42"
              },
              "opera_android": {
                "version_added": "42"
              },
              "safari": {
                "version_added": false
              },
              "safari_ios": {
                "version_added": false
              },
              "samsunginternet_android": {
                "version_added": "6.0"
              },
              "webview_android": {
                "version_added": "55"
              }
            },
            "status": {
              "experimental": false,
              "standard_track": true,
              "deprecated": false
            }
          }
        },
        "fill_and_stroke_box": {
          "__compat": {
            "description": "<code>fill-box</code> and <code>stroke-box</code>",
            "support": {
              "chrome": {
                "version_added": false
              },
              "chrome_android": {
                "version_added": false
              },
              "edge": {
                "version_added": false
              },
              "edge_mobile": {
                "version_added": false
              },
              "firefox": {
                "version_added": "51",
                "notes": "This value was supported before Firefox 51, but as an alias to <code>border-box</code>."
              },
              "firefox_android": {
                "version_added": "51",
                "notes": "This value was supported before Firefox 51, but as an alias to <code>border-box</code>."
              },
              "ie": {
                "version_added": false
              },
              "opera": {
                "version_added": false
              },
              "opera_android": {
                "version_added": false
              },
              "safari": {
                "version_added": false
              },
              "safari_ios": {
                "version_added": false
              },
              "samsunginternet_android": {
                "version_added": false
              },
              "webview_android": {
                "version_added": false
              }
            },
            "status": {
              "experimental": false,
              "standard_track": true,
              "deprecated": false
            }
          }
        }
      }
    }
  }
}
