{
  "css": {
    "properties": {
      "color": {
        "__compat": {
          "mdn_url": "https://developer.mozilla.org/docs/Web/CSS/color",
          "support": {
            "chrome": {
              "version_added": "1"
            },
            "chrome_android": {
              "version_added": "18"
            },
            "edge": {
              "version_added": "12"
            },
            "edge_mobile": {
              "version_added": "12"
            },
            "firefox": {
              "version_added": "1"
            },
            "firefox_android": {
              "version_added": "4"
            },
            "ie": {
              "version_added": true
            },
            "opera": {
              "version_added": true
            },
            "opera_android": {
              "version_added": true
            },
            "safari": {
              "version_added": true
            },
            "safari_ios": {
              "version_added": true
            },
            "samsunginternet_android": {
              "version_added": true
            },
            "webview_android": {
              "version_added": "1"
            }
          },
          "status": {
            "experimental": false,
            "standard_track": true,
            "deprecated": false
          }
        },
        "keyword_color_values": {
          "__compat": {
            "description": "Keyword color values",
            "mdn_url": "https://developer.mozilla.org/docs/Web/CSS/color_value#Color_keywords",
            "support": {
              "chrome": {
                "version_added": "1"
              },
              "chrome_android": {
                "version_added": true
              },
              "edge": {
                "version_added": "12"
              },
              "edge_mobile": {
                "version_added": true
              },
              "firefox": {
                "version_added": "1"
              },
              "firefox_android": {
                "version_added": "4"
              },
              "ie": {
                "version_added": "3",
                "notes": "Internet Explorer 8 and later support gray color keywords spelled with an <em>e</em> (<code>grey</code>, <code>darkgrey</code>, <code>darkslategrey</code>, <code>dimgrey</code>, <code>lightgrey</code>, and <code>lightslategrey</code>). Internet Explorer 3 to Internet Explorer 7 only support the keywords spelled with <em>a</em> (<code>gray</code>, <code>darkgray</code>, <code>darkslategray</code>, <code>dimgray</code>, <code>lightgray</code>, and <code>lightslategray</code>)."
              },
              "opera": {
                "version_added": "3.5"
              },
              "opera_android": {
                "version_added": true
              },
              "safari": {
                "version_added": "1"
              },
              "safari_ios": {
                "version_added": true
              },
              "samsunginternet_android": {
                "version_added": true
              },
              "webview_android": {
                "version_added": true
              }
            },
            "status": {
              "experimental": false,
              "standard_track": true,
              "deprecated": false
            }
          }
        },
        "rgb_hexadecimal_notation": {
          "__compat": {
            "mdn_url": "https://developer.mozilla.org/docs/Web/CSS/color_value#rgb()",
            "description": "RGB hexadecimal notation (<code>#RRGGBB</code>, <code>#RGB</code>)",
            "support": {
              "chrome": {
                "version_added": "1"
              },
              "chrome_android": {
                "version_added": true
              },
              "edge": {
                "version_added": "12"
              },
              "edge_mobile": {
                "version_added": true
              },
              "firefox": {
                "version_added": "1"
              },
              "firefox_android": {
                "version_added": "4"
              },
              "ie": {
                "version_added": "3"
              },
              "opera": {
                "version_added": "3.5"
              },
              "opera_android": {
                "version_added": true
              },
              "safari": {
                "version_added": "1"
              },
              "safari_ios": {
                "version_added": true
              },
              "samsunginternet_android": {
                "version_added": true
              },
              "webview_android": {
                "version_added": true
              }
            },
            "status": {
              "experimental": false,
              "standard_track": true,
              "deprecated": false
            }
          }
        },
        "rgb_functional_notation": {
          "__compat": {
            "mdn_url": "https://developer.mozilla.org/docs/Web/CSS/color_value#rgb()",
            "description": "RGB functional notation (<code>rgb()</code>)",
            "support": {
              "chrome": {
                "version_added": "1"
              },
              "chrome_android": {
                "version_added": true
              },
              "edge": {
                "version_added": "12"
              },
              "edge_mobile": {
                "version_added": true
              },
              "firefox": {
                "version_added": "1"
              },
              "firefox_android": {
                "version_added": "4"
              },
              "ie": {
                "version_added": "4"
              },
              "opera": {
                "version_added": "3.5"
              },
              "opera_android": {
                "version_added": true
              },
              "safari": {
                "version_added": "1"
              },
              "safari_ios": {
                "version_added": true
              },
              "samsunginternet_android": {
                "version_added": true
              },
              "webview_android": {
                "version_added": true
              }
            },
            "status": {
              "experimental": false,
              "standard_track": true,
              "deprecated": false
            }
          }
        },
        "hsl": {
          "__compat": {
            "mdn_url": "https://developer.mozilla.org/docs/Web/CSS/color_value#hsl()",
            "description": "HSL color values (<code>hsl()</code>)",
            "support": {
              "chrome": {
                "version_added": "1"
              },
              "chrome_android": {
                "version_added": true
              },
              "edge": {
                "version_added": "12"
              },
              "edge_mobile": {
                "version_added": true
              },
              "firefox": {
                "version_added": "1"
              },
              "firefox_android": {
                "version_added": "4"
              },
              "ie": {
                "version_added": "9"
              },
              "opera": {
                "version_added": "9.5"
              },
              "opera_android": {
                "version_added": true
              },
              "safari": {
                "version_added": "3.1"
              },
              "safari_ios": {
                "version_added": true
              },
              "samsunginternet_android": {
                "version_added": true
              },
              "webview_android": {
                "version_added": true
              }
            },
            "status": {
              "experimental": false,
              "standard_track": true,
              "deprecated": false
            }
          }
        },
        "alpha": {
          "__compat": {
            "mdn_url": "https://developer.mozilla.org/docs/Web/CSS/color_value#rgba()",
            "description": "Alpha color values (<code>rgba()</code>, <code>hsla()</code>)",
            "support": {
              "chrome": {
                "version_added": "1"
              },
              "chrome_android": {
                "version_added": true
              },
              "edge": {
                "version_added": "12"
              },
              "edge_mobile": {
                "version_added": true
              },
              "firefox": {
                "version_added": "3"
              },
              "firefox_android": {
                "version_added": "4"
              },
              "ie": {
                "version_added": "9"
              },
              "opera": {
                "version_added": "10"
              },
              "opera_android": {
                "version_added": true
              },
              "safari": {
                "version_added": "3.1"
              },
              "safari_ios": {
                "version_added": true
              },
              "samsunginternet_android": {
                "version_added": true
              },
              "webview_android": {
                "version_added": true
              }
            },
            "status": {
              "experimental": false,
              "standard_track": true,
              "deprecated": false
            }
          }
        },
        "currentcolor": {
          "__compat": {
            "mdn_url": "https://developer.mozilla.org/docs/Web/CSS/color_value#currentColor",
            "description": "<code>currentcolor</code>",
            "support": {
              "chrome": {
                "version_added": "1"
              },
              "chrome_android": {
                "version_added": null
              },
              "edge": {
                "version_added": null
              },
              "edge_mobile": {
                "version_added": null
              },
              "firefox": {
                "version_added": "1.5"
              },
              "firefox_android": {
                "version_added": null
              },
              "ie": {
                "version_added": "9"
              },
              "opera": {
                "version_added": "9.5"
              },
              "opera_android": {
                "version_added": null
              },
              "safari": {
                "version_added": "4"
              },
              "safari_ios": {
                "version_added": null
              },
              "samsunginternet_android": {
                "version_added": null
              },
              "webview_android": {
                "version_added": null
              }
            },
            "status": {
              "experimental": false,
              "standard_track": true,
              "deprecated": false
            }
          }
        },
        "transparent": {
          "__compat": {
            "mdn_url": "https://developer.mozilla.org/docs/Web/CSS/color_value#transparent",
            "description": "<code>transparent</code>",
            "support": {
              "chrome": {
                "version_added": "1"
              },
              "chrome_android": {
                "version_added": null
              },
              "edge": {
                "version_added": null
              },
              "edge_mobile": {
                "version_added": null
              },
              "firefox": {
                "version_added": "3"
              },
              "firefox_android": {
                "version_added": null
              },
              "ie": {
                "version_added": "9"
              },
              "opera": {
                "version_added": "10"
              },
              "opera_android": {
                "version_added": null
              },
              "safari": {
                "version_added": "3.1"
              },
              "safari_ios": {
                "version_added": null
              },
              "samsunginternet_android": {
                "version_added": null
              },
              "webview_android": {
                "version_added": null
              }
            },
            "status": {
              "experimental": false,
              "standard_track": true,
              "deprecated": false
            }
          }
        },
        "rebeccapurple": {
          "__compat": {
            "description": "<code>rebeccapurple</code>",
            "support": {
              "chrome": {
                "version_added": "38"
              },
              "chrome_android": {
                "version_added": null
              },
              "edge": {
                "version_added": null
              },
              "edge_mobile": {
                "version_added": null
              },
              "firefox": {
                "version_added": "33"
              },
              "firefox_android": {
                "version_added": "33"
              },
              "ie": {
                "version_added": "11"
              },
              "opera": {
                "version_added": "25"
              },
              "opera_android": {
                "version_added": null
              },
              "safari": {
                "version_added": true
              },
              "safari_ios": {
                "version_added": "8"
              },
              "samsunginternet_android": {
                "version_added": null
              },
              "webview_android": {
                "version_added": true
              }
            },
            "status": {
              "experimental": false,
              "standard_track": true,
              "deprecated": false
            }
          }
        },
        "alpha_hexadecimal_notation": {
          "__compat": {
            "description": "RGBA hexadecimal notation (<code>#RRGGBBAA</code>, <code>#RGBA</code>)",
            "support": {
              "chrome": [
                {
                  "version_added": "62"
                },
                {
                  "version_added": "52",
                  "flags": [
                    {
                      "type": "preference",
                      "name": "Enable experimental Web Platform features"
                    }
                  ]
                }
              ],
              "chrome_android": {
                "version_added": null
              },
              "edge": {
                "version_added": false
              },
              "edge_mobile": {
                "version_added": false
              },
              "firefox": {
                "version_added": "49"
              },
              "firefox_android": {
                "version_added": null
              },
              "ie": {
                "version_added": null
              },
              "opera": {
                "version_added": "39",
                "flags": [
                  {
                    "type": "preference",
                    "name": "Enable experimental Web Platform features"
                  }
                ]
              },
              "opera_android": {
                "version_added": false
              },
              "safari": {
                "version_added": "9.1"
              },
              "safari_ios": {
                "version_added": null
              },
              "samsunginternet_android": {
                "version_added": null
              },
              "webview_android": {
                "version_added": null
              }
            },
            "status": {
              "experimental": false,
              "standard_track": true,
              "deprecated": false
            }
          }
        },
        "space_separated_functional_notation": {
          "__compat": {
            "description": "Space-separated functional color notations",
            "support": {
              "chrome": {
                "version_added": "65"
              },
              "chrome_android": {
                "version_added": "65"
              },
              "edge": {
                "version_added": null
              },
              "edge_mobile": {
                "version_added": null
              },
              "firefox": {
                "version_added": "52"
              },
              "firefox_android": {
                "version_added": "52"
              },
              "ie": {
                "version_added": null
              },
              "opera": {
                "version_added": "52"
              },
              "opera_android": {
                "version_added": "52"
              },
              "safari": {
                "version_added": null
              },
              "safari_ios": {
                "version_added": null
              },
              "samsunginternet_android": {
                "version_added": null
              },
              "webview_android": {
                "version_added": "65"
              }
            },
            "status": {
              "experimental": false,
              "standard_track": true,
              "deprecated": false
            }
          }
        },
        "floats_in_rgb_rgba": {
          "__compat": {
            "description": "Allow floats in <code>rgb()</code> and <code>rgba()</code>",
            "support": {
              "chrome": {
                "version_added": "66"
              },
              "chrome_android": {
                "version_added": "66"
              },
              "edge": {
                "version_added": null
              },
              "edge_mobile": {
                "version_added": null
              },
              "firefox": {
                "version_added": "52"
              },
              "firefox_android": {
                "version_added": "52"
              },
              "ie": {
                "version_added": null
              },
              "opera": {
                "version_added": "53"
              },
              "opera_android": {
                "version_added": "53"
              },
              "safari": {
                "version_added": null
              },
              "safari_ios": {
                "version_added": null
              },
              "webview_android": {
                "version_added": "66"
              }
            },
            "status": {
              "experimental": false,
              "standard_track": true,
              "deprecated": false
            }
          }
        }
      }
    }
  }
}
