{
  "css": {
    "properties": {
      "column-width": {
        "__compat": {
          "mdn_url": "https://developer.mozilla.org/docs/Web/CSS/column-width",
          "support": {
            "chrome": [
              {
                "version_added": "50"
              },
              {
                "prefix": "-webkit-",
                "version_added": true
              }
            ],
            "chrome_android": [
              {
                "version_added": "50"
              },
              {
                "prefix": "-webkit-",
                "version_added": true
              }
            ],
            "edge": [
              {
                "version_added": "12"
              },
              {
                "prefix": "-webkit-",
                "version_added": "12"
              }
            ],
            "edge_mobile": [
              {
                "version_added": true
              },
              {
                "prefix": "-webkit-",
                "version_added": true
              }
            ],
            "firefox": [
              {
                "version_added": "50"
              },
              {
                "prefix": "-moz-",
                "version_added": "1.5"
              }
            ],
            "firefox_android": [
              {
                "version_added": "50"
              },
              {
                "prefix": "-moz-",
                "version_added": "4"
              }
            ],
            "ie": {
              "version_added": "10"
            },
            "opera": {
              "version_added": "11.1"
            },
            "opera_android": {
              "version_added": true
            },
            "safari": {
              "prefix": "-webkit-",
              "version_added": "3"
            },
            "safari_ios": {
              "version_added": true
            },
            "samsunginternet_android": [
              {
                "version_added": "5.0"
              },
              {
                "prefix": "-webkit-",
                "version_added": true
              }
            ],
            "webview_android": {
              "version_added": true
            }
          },
          "status": {
            "experimental": false,
            "standard_track": true,
            "deprecated": false
          }
        },
        "intrinsic_sizes": {
          "__compat": {
            "description": "Intrinsic sizes",
            "support": {
              "chrome": {
                "version_added": false
              },
              "edge": {
                "version_added": null
              },
              "firefox": {
                "version_added": false
              },
              "firefox_android": {
                "version_added": false
              },
              "ie": {
                "version_added": false
              },
              "opera": {
                "version_added": false
              },
              "opera_android": {
                "version_added": false
              },
              "safari": {
                "version_added": false
              },
              "safari_ios": {
                "version_added": false
              },
              "webview_android": {
                "version_added": false
              }
            },
            "status": {
              "experimental": true,
              "standard_track": true,
              "deprecated": false
            }
          }
        },
        "on_display_table_caption": {
          "__compat": {
            "description": "On <code>display: table-caption</code>",
            "support": {
              "chrome": {
                "version_added": true
              },
              "chrome_android": {
                "version_added": "50"
              },
              "edge": {
                "version_added": true
              },
              "edge_mobile": {
                "version_added": true
              },
              "firefox": {
                "version_added": "37"
              },
              "firefox_android": {
                "version_added": "37"
              },
              "ie": {
                "version_added": true
              },
              "opera": {
                "version_added": true
              },
              "opera_android": {
                "version_added": true
              },
              "safari": {
                "version_added": true
              },
              "safari_ios": {
                "version_added": true
              },
              "samsunginternet_android": {
                "version_added": "5.0"
              },
              "webview_android": {
                "version_added": true
              }
            },
            "status": {
              "experimental": false,
              "standard_track": true,
              "deprecated": false
            }
          }
        }
      }
    }
  }
}
