{
  "css": {
    "properties": {
      "display": {
        "__compat": {
          "mdn_url": "https://developer.mozilla.org/docs/Web/CSS/display",
          "support": {
            "chrome": {
              "version_added": "1"
            },
            "chrome_android": {
              "version_added": true
            },
            "edge": {
              "version_added": "12"
            },
            "edge_mobile": {
              "version_added": "12"
            },
            "firefox": {
              "version_added": "1"
            },
            "firefox_android": {
              "version_added": "4"
            },
            "ie": {
              "version_added": "4"
            },
            "opera": {
              "version_added": "7"
            },
            "opera_android": {
              "version_added": true
            },
            "safari": {
              "version_added": "1"
            },
            "safari_ios": {
              "version_added": true
            },
            "samsunginternet_android": {
              "version_added": true
            },
            "webview_android": {
              "version_added": true
            }
          },
          "status": {
            "experimental": false,
            "standard_track": true,
            "deprecated": false
          }
        },
        "display-outside": {
          "__compat": {
            "support": {
              "chrome": {
                "version_added": "1"
              },
              "chrome_android": {
                "version_added": true
              },
              "edge": {
                "version_added": "12"
              },
              "edge_mobile": {
                "version_added": "12"
              },
              "firefox": {
                "version_added": "1"
              },
              "firefox_android": {
                "version_added": "4"
              },
              "ie": {
                "version_added": "4"
              },
              "opera": {
                "version_added": "7"
              },
              "opera_android": {
                "version_added": true
              },
              "safari": {
                "version_added": "1"
              },
              "safari_ios": {
                "version_added": true
              },
              "samsunginternet_android": {
                "version_added": true
              },
              "webview_android": {
                "version_added": true
              }
            },
            "status": {
              "experimental": false,
              "standard_track": true,
              "deprecated": false
            }
          },
          "run-in": {
            "__compat": {
              "description": "display: run-in support",
              "support": {
                "chrome": {
                  "version_added": true,
                  "version_removed": "32"
                },
                "chrome_android": {
                  "version_added": true,
                  "version_removed": "32"
                },
                "edge": {
                  "version_added": false
                },
                "edge_mobile": {
                  "version_added": false
                },
                "firefox": {
                  "version_added": false
                },
                "firefox_android": {
                  "version_added": false
                },
                "ie": {
                  "version_added": "8"
                },
                "opera": {
                  "version_added": true,
                  "version_removed": "19"
                },
                "opera_android": {
                  "version_added": true,
                  "version_removed": "19"
                },
                "safari": {
                  "version_added": true,
                  "version_removed": "7"
                },
                "safari_ios": {
                  "version_added": true,
                  "version_removed": "7"
                },
                "samsunginternet_android": {
                  "version_added": true
                },
                "webview_android": {
                  "version_added": true
                }
              },
              "status": {
                "experimental": false,
                "standard_track": true,
                "deprecated": false
              }
            }
          }
        },
        "multi-keyword_values": {
          "__compat": {
            "description": "Multi-keyword values",
            "support": {
              "chrome": {
                "version_added": false
              },
              "chrome_android": {
                "version_added": false
              },
              "edge": {
                "version_added": false
              },
              "edge_mobile": {
                "version_added": false
              },
              "firefox": {
                "version_added": false
              },
              "firefox_android": {
                "version_added": false
              },
              "ie": {
                "version_added": false
              },
              "opera": {
                "version_added": false
              },
              "opera_android": {
                "version_added": false
              },
              "safari": {
                "version_added": false
              },
              "safari_ios": {
                "version_added": false
              },
              "samsunginternet_android": {
                "version_added": false
              },
              "webview_android": {
                "version_added": false
              }
            },
            "status": {
              "experimental": true,
              "standard_track": true,
              "deprecated": false
            }
          }
        },
        "list-item": {
          "__compat": {
            "support": {
              "chrome": {
                "version_added": "1"
              },
              "chrome_android": {
                "version_added": true
              },
              "edge": {
                "version_added": "12"
              },
              "edge_mobile": {
                "version_added": "12"
              },
              "firefox": {
                "version_added": "1"
              },
              "firefox_android": {
                "version_added": "4"
              },
              "ie": {
                "version_added": "6"
              },
              "opera": {
                "version_added": "7"
              },
              "opera_android": {
                "version_added": true
              },
              "safari": {
                "version_added": "1"
              },
              "safari_ios": {
                "version_added": true
              },
              "samsunginternet_android": {
                "version_added": true
              },
              "webview_android": {
                "version_added": true
              }
            },
            "status": {
              "experimental": false,
              "standard_track": true,
              "deprecated": false
            }
          },
          "legend-support": {
            "__compat": {
              "description": "Supported on <code>&lt;legend&gt;</code>",
              "support": {
                "chrome": {
                  "version_added": false
                },
                "chrome_android": {
                  "version_added": false
                },
                "edge": {
                  "version_added": false
                },
                "edge_mobile": {
                  "version_added": false
                },
                "firefox": {
                  "version_added": "64"
                },
                "firefox_android": {
                  "version_added": "64"
                },
                "ie": {
                  "version_added": false
                },
                "opera": {
                  "version_added": false
                },
                "opera_android": {
                  "version_added": false
                },
                "safari": {
                  "version_added": true
                },
                "safari_ios": {
                  "version_added": true
                },
                "samsunginternet_android": {
                  "version_added": false
                },
                "webview_android": {
                  "version_added": false
                }
              },
              "status": {
                "experimental": false,
                "standard_track": true,
                "deprecated": false
              }
            }
          }
        },
        "inline-block": {
          "__compat": {
            "support": {
              "chrome": {
                "version_added": "1"
              },
              "chrome_android": {
                "version_added": true
              },
              "edge": {
                "version_added": "12"
              },
              "edge_mobile": {
                "version_added": "12"
              },
              "firefox": {
                "version_added": "1"
              },
              "firefox_android": {
                "version_added": "4"
              },
              "ie": [
                {
                  "version_added": "8"
                },
                {
                  "version_added": "6",
                  "partial_implementation": true,
                  "notes": "Until Internet Explorer 8, <code>inline-block</code> is only for natural inline elements."
                }
              ],
              "opera": {
                "version_added": "7"
              },
              "opera_android": {
                "version_added": true
              },
              "safari": {
                "version_added": "1"
              },
              "safari_ios": {
                "version_added": true
              },
              "samsunginternet_android": {
                "version_added": true
              },
              "webview_android": {
                "version_added": true
              }
            },
            "status": {
              "experimental": false,
              "standard_track": true,
              "deprecated": false
            }
          }
        },
        "inline-table": {
          "__compat": {
            "support": {
              "chrome": {
                "version_added": "1"
              },
              "chrome_android": {
                "version_added": true
              },
              "edge": {
                "version_added": "12"
              },
              "edge_mobile": {
                "version_added": "12"
              },
              "firefox": {
                "version_added": "3"
              },
              "firefox_android": {
                "version_added": "4"
              },
              "ie": {
                "version_added": "8"
              },
              "opera": {
                "version_added": "7"
              },
              "opera_android": {
                "version_added": true
              },
              "safari": {
                "version_added": "1"
              },
              "safari_ios": {
                "version_added": true
              },
              "samsunginternet_android": {
                "version_added": true
              },
              "webview_android": {
                "version_added": true
              }
            },
            "status": {
              "experimental": false,
              "standard_track": true,
              "deprecated": false
            }
          }
        },
        "table_values": {
          "__compat": {
            "description": "<code>table</code>, <code>table-cell</code>, <code>table-column</code>, <code>table-column-group</code>, <code>table-footer-group</code>, <code>table-header-group</code>, <code>table-row</code>, and <code>table-row-group</code>",
            "support": {
              "chrome": {
                "version_added": "1"
              },
              "chrome_android": {
                "version_added": true
              },
              "edge": {
                "version_added": "12"
              },
              "edge_mobile": {
                "version_added": "12"
              },
              "firefox": {
                "version_added": "1"
              },
              "firefox_android": {
                "version_added": "4"
              },
              "ie": {
                "version_added": "8"
              },
              "opera": {
                "version_added": "7"
              },
              "opera_android": {
                "version_added": true
              },
              "safari": {
                "version_added": "1"
              },
              "safari_ios": {
                "version_added": true
              },
              "samsunginternet_android": {
                "version_added": true
              },
              "webview_android": {
                "version_added": true
              }
            },
            "status": {
              "experimental": false,
              "standard_track": true,
              "deprecated": false
            }
          }
        },
        "flex": {
          "__compat": {
            "support": {
              "chrome": [
                {
                  "version_added": "29"
                },
                {
                  "prefix": "-webkit-",
                  "version_added": "21"
                }
              ],
              "chrome_android": [
                {
                  "version_added": "29"
                },
                {
                  "prefix": "-webkit-",
                  "version_added": "25"
                }
              ],
              "edge": {
                "version_added": "12"
              },
              "edge_mobile": {
                "version_added": "12"
              },
              "firefox": [
                {
                  "version_added": "20",
                  "notes": "Firefox 28 added multi-line flexbox support."
                },
                {
                  "version_added": "18",
                  "version_removed": "28",
                  "flags": [
                    {
                      "type": "preference",
                      "name": "layout.css.flexbox.enabled",
                      "value_to_set": "true"
                    }
                  ]
                }
              ],
              "firefox_android": [
                {
                  "version_added": "20",
                  "notes": "Firefox 28 added multi-line flexbox support."
                },
                {
                  "version_added": "18",
                  "version_removed": "28",
                  "flags": [
                    {
                      "type": "preference",
                      "name": "layout.css.flexbox.enabled",
                      "value_to_set": "true"
                    }
                  ]
                }
              ],
              "ie": [
                {
                  "version_added": "11"
                },
                {
                  "alternative_name": "-ms-flexbox",
                  "version_added": "8"
                }
              ],
              "opera": [
                {
                  "version_added": "16"
                },
                {
                  "prefix": "-webkit-",
                  "version_added": "15"
                },
                {
                  "version_added": "12.1",
                  "version_removed": "15"
                }
              ],
              "opera_android": [
                {
                  "version_added": "16"
                },
                {
                  "prefix": "-webkit-",
                  "version_added": "14"
                },
                {
                  "version_added": "12.1",
                  "version_removed": "14"
                }
              ],
              "safari": [
                {
                  "version_added": "9"
                },
                {
                  "prefix": "-webkit-",
                  "version_added": "6.1"
                }
              ],
              "safari_ios": [
                {
                  "version_added": "9"
                },
                {
                  "prefix": "-webkit-",
                  "version_added": "7.1"
                }
              ],
              "samsunginternet_android": {
                "version_added": true
              },
              "webview_android": [
                {
                  "version_added": "4.4"
                },
                {
                  "prefix": "-webkit-",
                  "version_added": true
                }
              ]
            },
            "status": {
              "experimental": false,
              "standard_track": true,
              "deprecated": false
            }
          }
        },
        "inline-flex": {
          "__compat": {
            "support": {
              "chrome": [
                {
                  "version_added": "29"
                },
                {
                  "prefix": "-webkit-",
                  "version_added": "21"
                }
              ],
              "chrome_android": [
                {
                  "version_added": "29"
                },
                {
                  "prefix": "-webkit-",
                  "version_added": "25"
                }
              ],
              "edge": {
                "version_added": "12"
              },
              "edge_mobile": {
                "version_added": "12"
              },
              "firefox": [
                {
                  "version_added": "20",
                  "notes": "Firefox 28 added multi-line flexbox support."
                },
                {
                  "version_added": "18",
                  "version_removed": true,
                  "flags": [
                    {
                      "type": "preference",
                      "name": "layout.css.flexbox.enabled",
                      "value_to_set": "true"
                    }
                  ]
                }
              ],
              "firefox_android": [
                {
                  "version_added": "20",
                  "notes": "Firefox 28 added multi-line flexbox support."
                },
                {
                  "version_added": "18",
                  "version_removed": true,
                  "flags": [
                    {
                      "type": "preference",
                      "name": "layout.css.flexbox.enabled",
                      "value_to_set": "true"
                    }
                  ]
                }
              ],
              "ie": [
                {
                  "version_added": "11"
                },
                {
                  "alternative_name": "-ms-inline-flexbox",
                  "version_added": "8"
                }
              ],
              "opera": [
                {
                  "version_added": "16"
                },
                {
                  "prefix": "-webkit-",
                  "version_added": "15"
                }
              ],
              "opera_android": [
                {
                  "version_added": "16"
                },
                {
                  "prefix": "-webkit-",
                  "version_added": "14"
                }
              ],
              "safari": [
                {
                  "version_added": "9"
                },
                {
                  "prefix": "-webkit-",
                  "version_added": "6.1"
                }
              ],
              "safari_ios": [
                {
                  "version_added": "9"
                },
                {
                  "prefix": "-webkit-",
                  "version_added": "6.1"
                }
              ],
              "samsunginternet_android": {
                "version_added": true
              },
              "webview_android": [
                {
                  "version_added": "4.4"
                },
                {
                  "prefix": "-webkit-",
                  "version_added": true
                }
              ]
            },
            "status": {
              "experimental": false,
              "standard_track": true,
              "deprecated": false
            }
          }
        },
        "grid": {
          "__compat": {
            "support": {
              "chrome": {
                "version_added": "57"
              },
              "chrome_android": {
                "version_added": "57"
              },
              "edge": [
                {
                  "version_added": "16"
                },
                {
                  "prefix": "-ms-",
                  "version_added": "12"
                }
              ],
              "edge_mobile": {
                "prefix": "-ms-",
                "version_added": "12"
              },
              "firefox": {
                "version_added": "52"
              },
              "firefox_android": {
                "version_added": "52"
              },
              "ie": {
                "prefix": "-ms-",
                "version_added": "10",
                "partial_implementation": true,
                "notes": "Internet Explorer implements an older version of the specification."
              },
              "opera": {
                "version_added": "44"
              },
              "opera_android": {
                "version_added": "44"
              },
              "safari": {
                "version_added": "10.1"
              },
              "safari_ios": {
                "version_added": "10.3"
              },
              "samsunginternet_android": {
                "version_added": "7.0"
              },
              "webview_android": {
                "version_added": "57"
              }
            },
            "status": {
              "experimental": true,
              "standard_track": true,
              "deprecated": false
            }
          }
        },
        "inline-grid": {
          "__compat": {
            "support": {
              "chrome": {
                "version_added": "57"
              },
              "chrome_android": {
                "version_added": "57"
              },
              "edge": [
                {
                  "version_added": "16"
                },
                {
                  "prefix": "-ms-",
                  "version_added": "12"
                }
              ],
              "edge_mobile": {
                "prefix": "-ms-",
                "version_added": "12"
              },
              "firefox": {
                "version_added": "52"
              },
              "firefox_android": {
                "version_added": "52"
              },
              "ie": {
                "prefix": "-ms-",
                "version_added": "10",
                "partial_implementation": true,
                "notes": "Internet Explorer implements an older version of the specification."
              },
              "opera": {
                "version_added": "44"
              },
              "opera_android": {
                "version_added": "44"
              },
              "safari": {
                "version_added": "10.1"
              },
              "safari_ios": {
                "version_added": "10.3"
              },
              "samsunginternet_android": {
                "version_added": "7.0"
              },
              "webview_android": {
                "version_added": "57"
              }
            },
            "status": {
              "experimental": true,
              "standard_track": true,
              "deprecated": false
            }
          }
        },
        "subgrid": {
          "__compat": {
            "support": {
              "chrome": {
                "version_added": false
              },
              "chrome_android": {
                "version_added": false
              },
              "edge": {
                "version_added": false
              },
              "edge_mobile": {
                "version_added": false
              },
              "firefox": {
                "version_added": false
              },
              "firefox_android": {
                "version_added": false
              },
              "ie": {
                "version_added": false
              },
              "opera": {
                "version_added": false
              },
              "opera_android": {
                "version_added": false
              },
              "qq_android": {
                "version_added": false
              },
              "safari": {
                "version_added": false
              },
              "safari_ios": {
                "version_added": false
              },
              "samsunginternet_android": {
                "version_added": false
              },
              "uc_android": {
                "version_added": false
              },
              "uc_chinese_android": {
                "version_added": false
              },
              "webview_android": {
                "version_added": false
              }
            },
            "status": {
              "experimental": false,
              "standard_track": true,
              "deprecated": true
            }
          }
        },
        "ruby_values": {
          "__compat": {
            "description": "<code>ruby</code>, <code>ruby-base</code>, <code>ruby-base-container</code>, <code>ruby-text</code>, and <code>ruby-text-container</code>",
            "support": {
              "chrome": {
                "version_added": null
              },
              "chrome_android": {
                "version_added": null
              },
              "edge": {
                "version_added": "12"
              },
              "edge_mobile": {
                "version_added": "12"
              },
              "firefox": [
                {
                  "version_added": "38"
                },
                {
                  "version_added": "34",
                  "version_removed": "38",
                  "flags": [
                    {
                      "type": "preference",
                      "name": "layout.css.ruby.enabled",
                      "value_to_set": "true"
                    }
                  ]
                }
              ],
              "firefox_android": [
                {
                  "version_added": "38"
                },
                {
                  "version_added": "34",
                  "version_removed": "38",
                  "flags": [
                    {
                      "type": "preference",
                      "name": "layout.css.ruby.enabled",
                      "value_to_set": "true"
                    }
                  ]
                }
              ],
              "ie": {
                "version_added": null
              },
              "opera": {
                "version_added": null
              },
              "opera_android": {
                "version_added": null
              },
              "safari": {
                "version_added": null
              },
              "safari_ios": {
                "version_added": null
              },
              "samsunginternet_android": {
                "version_added": null
              },
              "webview_android": {
                "version_added": null
              }
            },
            "status": {
              "experimental": true,
              "standard_track": true,
              "deprecated": false
            }
          }
        },
        "run-in": {
          "__compat": {
            "support": {
              "chrome": {
                "version_added": "1",
                "version_removed": "32",
                "notes": "Before Chrome 4, <code>run-in</code> was not supported before inline elements."
              },
              "chrome_android": {
                "version_added": true,
                "version_removed": "32",
                "notes": "Before Chrome 4, <code>run-in</code> was not supported before inline elements."
              },
              "edge": {
                "version_added": false
              },
              "edge_mobile": {
                "version_added": false
              },
              "firefox": {
                "version_added": false
              },
              "firefox_android": {
                "version_added": false
              },
              "ie": {
                "version_added": "8"
              },
              "opera": {
                "version_added": "7",
                "version_removed": "15"
              },
              "opera_android": {
                "version_added": null
              },
              "safari": {
                "version_added": "1",
                "version_removed": "8",
                "notes": "Before Safari 5, <code>run-in</code> was not supported before inline elements."
              },
              "safari_ios": {
                "version_added": true,
                "version_removed": "8",
                "notes": "Before Safari 5, <code>run-in</code> was not supported before inline elements."
              },
              "samsunginternet_android": {
                "version_added": null
              },
              "webview_android": {
                "version_added": true,
                "version_removed": "4.4.3",
                "notes": "Before version 4, <code>run-in</code> was not supported before inline elements."
              }
            },
            "status": {
              "experimental": true,
              "standard_track": true,
              "deprecated": false
            }
          }
        },
        "flow-root": {
          "__compat": {
            "support": {
              "chrome": {
                "version_added": "58"
              },
              "chrome_android": {
                "version_added": "58"
              },
              "edge": {
                "version_added": false
              },
              "edge_mobile": {
                "version_added": false
              },
              "firefox": {
                "version_added": "53"
              },
              "firefox_android": {
                "version_added": "53"
              },
              "ie": {
                "version_added": false
              },
              "opera": {
                "version_added": "45"
              },
              "opera_android": {
                "version_added": "45"
              },
              "safari": {
                "version_added": false
              },
              "safari_ios": {
                "version_added": false
              },
              "samsunginternet_android": {
                "version_added": "7.0"
              },
              "webview_android": {
                "version_added": "58"
              }
            },
            "status": {
              "experimental": true,
              "standard_track": true,
              "deprecated": false
            }
          }
        },
        "contents": {
          "__compat": {
            "support": {
              "chrome": [
                {
                  "version_added": "65"
                },
                {
                  "version_added": "58",
                  "version_removed": "65",
                  "flags": [
                    {
                      "type": "preference",
                      "name": "Enable experimental Web Platform features"
                    }
                  ]
                }
              ],
              "chrome_android": {
                "version_added": "65"
              },
              "edge": {
                "version_added": false
              },
              "edge_mobile": {
                "version_added": false
              },
              "firefox": [
                {
                  "version_added": "37"
                },
                {
                  "version_added": "36",
                  "version_removed": "53",
                  "flags": [
                    {
                      "type": "preference",
                      "name": "layout.css.display-contents.enabled",
                      "value_to_set": "true"
                    }
                  ]
                }
              ],
              "firefox_android": {
                "version_added": "57"
              },
              "ie": {
                "version_added": false
              },
              "opera": {
                "version_added": "52"
              },
              "opera_android": {
                "version_added": "52"
              },
              "safari": {
                "version_added": "11.1"
              },
              "safari_ios": {
                "version_added": "11.1"
              },
              "samsunginternet_android": {
                "version_added": false
              },
              "webview_android": {
                "version_added": "65"
              }
            },
            "status": {
              "experimental": true,
              "standard_track": true,
              "deprecated": false
            }
          },
          "contents_unusual": {
            "__compat": {
              "description": "Specific behavior of <a href='https://drafts.csswg.org/css-display/#unbox'>unusual elements</a> when <code>display: contents</code> is applied to them",
              "support": {
                "chrome": {
                  "version_added": null
                },
                "chrome_android": {
                  "version_added": null
                },
                "edge": {
                  "version_added": false
                },
                "edge_mobile": {
                  "version_added": false
                },
                "firefox": {
                  "version_added": "59"
                },
                "firefox_android": {
                  "version_added": "59"
                },
                "ie": {
                  "version_added": false
                },
                "opera": {
                  "version_added": false
                },
                "opera_android": {
                  "version_added": false
                },
                "safari": {
                  "version_added": false
                },
                "safari_ios": {
                  "version_added": false
                },
                "samsunginternet_android": {
                  "version_added": false
                },
                "webview_android": {
                  "version_added": null
                }
              },
              "status": {
                "experimental": true,
                "standard_track": true,
                "deprecated": false
              }
            }
          }
        },
        "none": {
          "__compat": {
            "support": {
              "chrome": {
                "version_added": true,
                "notes": "Chrome 65 stopped creating layout objects for elements inside an <code>&lt;iframe&gt;</code> with <code>display:none</code> applied."
              },
              "chrome_android": {
                "version_added": true,
                "notes": "Chrome 65 stopped creating layout objects for elements inside an <code>&lt;iframe&gt;</code> with <code>display:none</code> applied."
              },
              "edge": {
                "version_added": "12"
              },
              "edge_mobile": {
                "version_added": "12"
              },
              "firefox": {
                "version_added": "1"
              },
              "firefox_android": {
                "version_added": "4"
              },
              "ie": {
                "version_added": "4"
              },
              "opera": {
                "version_added": "7"
              },
              "opera_android": {
                "version_added": true
              },
              "safari": {
                "version_added": "1"
              },
              "safari_ios": {
                "version_added": true
              },
              "samsunginternet_android": {
                "version_added": true
              },
              "webview_android": {
                "version_added": true,
                "notes": "WebView 65 stopped creating layout objects for elements inside an <code>&lt;iframe&gt;</code> with <code>display:none</code> applied."
              }
            },
            "status": {
              "experimental": false,
              "standard_track": true,
              "deprecated": false
            }
          }
        },
        "xul_box_values": {
          "__compat": {
            "description": "<code>-moz-box</code> and <code>-moz-inline-box</code>",
            "support": {
              "chrome": {
                "version_added": false
              },
              "chrome_android": {
                "version_added": false
              },
              "edge": {
                "version_added": false
              },
              "edge_mobile": {
                "version_added": false
              },
              "firefox": [
                {
                  "version_added": true,
                  "version_removed": "64",
                  "notes": "This is still available to Firefox UI code."
                },
                {
                  "version_added": "62",
                  "flags": [
                    {
                      "name": "layout.css.xul-box-display-values.content.enabled",
                      "type": "preference",
                      "value_to_set": "true"
                    }
                  ]
                }
              ],
              "firefox_android": [
                {
                  "version_added": true,
                  "version_removed": "64",
                  "notes": "This is still available to Firefox UI code."
                },
                {
                  "version_added": "62",
                  "flags": [
                    {
                      "name": "layout.css.xul-box-display-values.content.enabled",
                      "type": "preference",
                      "value_to_set": "true"
                    }
                  ]
                }
              ],
              "ie": {
                "version_added": false
              },
              "opera": {
                "version_added": false
              },
              "opera_android": {
                "version_added": false
              },
              "safari": {
                "version_added": false
              },
              "safari_ios": {
                "version_added": false
              },
              "samsunginternet_android": {
                "version_added": false
              },
              "webview_android": {
                "version_added": false
              }
            },
            "status": {
              "experimental": false,
              "standard_track": false,
              "deprecated": true
            }
          }
        },
        "xul_grid_values": {
          "__compat": {
            "description": "<code>-moz-grid</code>, <code>-moz-inline-grid</code>, <code>-moz-grid-group</code> and <code>-moz-grid-line</code>",
            "support": {
              "chrome": {
                "version_added": false
              },
              "chrome_android": {
                "version_added": false
              },
              "edge": {
                "version_added": false
              },
              "edge_mobile": {
                "version_added": false
              },
              "firefox": [
                {
                  "version_added": true,
                  "version_removed": "62",
                  "notes": "This is still available to Firefox UI code."
                },
                {
                  "version_added": "62",
                  "flags": [
                    {
                      "name": "layout.css.xul-display-values.content.enabled",
                      "type": "preference",
                      "value_to_set": "true"
                    }
                  ]
                }
              ],
              "firefox_android": [
                {
                  "version_added": true,
                  "version_removed": "62",
                  "notes": "This is still available to Firefox UI code."
                },
                {
                  "version_added": "62",
                  "flags": [
                    {
                      "name": "layout.css.xul-display-values.content.enabled",
                      "type": "preference",
                      "value_to_set": "true"
                    }
                  ]
                }
              ],
              "ie": {
                "version_added": false
              },
              "opera": {
                "version_added": false
              },
              "opera_android": {
                "version_added": false
              },
              "safari": {
                "version_added": false
              },
              "safari_ios": {
                "version_added": false
              },
              "samsunginternet_android": {
                "version_added": false
              },
              "webview_android": {
                "version_added": false
              }
            },
            "status": {
              "experimental": false,
              "standard_track": false,
              "deprecated": true
            }
          }
        },
        "xul_stack_values": {
          "__compat": {
            "description": "<code>-moz-stack</code> and <code>-moz-inline-stack</code>",
            "support": {
              "chrome": {
                "version_added": false
              },
              "chrome_android": {
                "version_added": false
              },
              "edge": {
                "version_added": false
              },
              "edge_mobile": {
                "version_added": false
              },
              "firefox": [
                {
                  "version_added": true,
                  "version_removed": "62",
                  "notes": "This is still available to Firefox UI code."
                },
                {
                  "version_added": "62",
                  "flags": [
                    {
                      "name": "layout.css.xul-display-values.content.enabled",
                      "type": "preference",
                      "value_to_set": "true"
                    }
                  ]
                }
              ],
              "firefox_android": [
                {
                  "version_added": true,
                  "version_removed": "62",
                  "notes": "This is still available to Firefox UI code."
                },
                {
                  "version_added": "62",
                  "flags": [
                    {
                      "name": "layout.css.xul-display-values.content.enabled",
                      "type": "preference",
                      "value_to_set": "true"
                    }
                  ]
                }
              ],
              "ie": {
                "version_added": false
              },
              "opera": {
                "version_added": false
              },
              "opera_android": {
                "version_added": false
              },
              "safari": {
                "version_added": false
              },
              "safari_ios": {
                "version_added": false
              },
              "samsunginternet_android": {
                "version_added": false
              },
              "webview_android": {
                "version_added": false
              }
            },
            "status": {
              "experimental": false,
              "standard_track": false,
              "deprecated": true
            }
          }
        },
        "xul_deck_values": {
          "__compat": {
            "description": "<code>-moz-deck</code>",
            "support": {
              "chrome": {
                "version_added": false
              },
              "chrome_android": {
                "version_added": false
              },
              "edge": {
                "version_added": false
              },
              "edge_mobile": {
                "version_added": false
              },
              "firefox": [
                {
                  "version_added": true,
                  "version_removed": "62",
                  "notes": "This is still available to Firefox UI code."
                },
                {
                  "version_added": "62",
                  "flags": [
                    {
                      "name": "layout.css.xul-display-values.content.enabled",
                      "type": "preference",
                      "value_to_set": "true"
                    }
                  ]
                }
              ],
              "firefox_android": [
                {
                  "version_added": true,
                  "version_removed": "62",
                  "notes": "This is still available to Firefox UI code."
                },
                {
                  "version_added": "62",
                  "flags": [
                    {
                      "name": "layout.css.xul-display-values.content.enabled",
                      "type": "preference",
                      "value_to_set": "true"
                    }
                  ]
                }
              ],
              "ie": {
                "version_added": false
              },
              "opera": {
                "version_added": false
              },
              "opera_android": {
                "version_added": false
              },
              "safari": {
                "version_added": false
              },
              "safari_ios": {
                "version_added": false
              },
              "samsunginternet_android": {
                "version_added": false
              },
              "webview_android": {
                "version_added": false
              }
            },
            "status": {
              "experimental": false,
              "standard_track": false,
              "deprecated": true
            }
          }
        },
        "xul_popup_values": {
          "__compat": {
            "description": "<code>-moz-popup</code>",
            "support": {
              "chrome": {
                "version_added": false
              },
              "chrome_android": {
                "version_added": false
              },
              "edge": {
                "version_added": false
              },
              "edge_mobile": {
                "version_added": false
              },
              "firefox": [
                {
                  "version_added": true,
                  "version_removed": "62",
                  "notes": "This is still available to Firefox UI code."
                },
                {
                  "version_added": "62",
                  "flags": [
                    {
                      "name": "layout.css.xul-display-values.content.enabled",
                      "type": "preference",
                      "value_to_set": "true"
                    }
                  ]
                }
              ],
              "firefox_android": [
                {
                  "version_added": true,
                  "version_removed": "62",
                  "notes": "This is still available to Firefox UI code."
                },
                {
                  "version_added": "62",
                  "flags": [
                    {
                      "name": "layout.css.xul-display-values.content.enabled",
                      "type": "preference",
                      "value_to_set": "true"
                    }
                  ]
                }
              ],
              "ie": {
                "version_added": false
              },
              "opera": {
                "version_added": false
              },
              "opera_android": {
                "version_added": false
              },
              "safari": {
                "version_added": false
              },
              "safari_ios": {
                "version_added": false
              },
              "samsunginternet_android": {
                "version_added": false
              },
              "webview_android": {
                "version_added": false
              }
            },
            "status": {
              "experimental": false,
              "standard_track": false,
              "deprecated": true
            }
          }
        }
      }
    }
  }
}
