{
  "css": {
    "properties": {
      "font-style": {
        "__compat": {
          "mdn_url": "https://developer.mozilla.org/docs/Web/CSS/font-style",
          "support": {
            "chrome": {
              "version_added": "1"
            },
            "chrome_android": {
              "version_added": "18"
            },
            "edge": {
              "version_added": "12"
            },
            "edge_mobile": {
              "version_added": "12"
            },
            "firefox": {
              "version_added": "1",
              "notes": "Before Firefox 44, <code>oblique</code> was not distinguished from <code>italic</code>."
            },
            "firefox_android": {
              "version_added": "4",
              "notes": "Before Firefox 44, <code>oblique</code> was not distinguished from <code>italic</code>."
            },
            "ie": {
              "version_added": "4"
            },
            "opera": {
              "version_added": "7"
            },
            "opera_android": {
              "version_added": "6"
            },
            "safari": {
              "version_added": "1"
            },
            "safari_ios": {
              "version_added": "1"
            },
            "samsunginternet_android": {
              "version_added": true
            },
            "webview_android": {
              "version_added": "1"
            }
          },
          "status": {
            "experimental": false,
            "standard_track": true,
            "deprecated": false
          }
        },
        "oblique-angle": {
          "__compat": {
            "description": "<code>oblique</code> can accept an <code>&lt;angle&gt;</code>",
            "support": {
              "chrome": {
                "version_added": false
              },
              "chrome_android": {
                "version_added": false
              },
              "edge": {
                "version_added": null
              },
              "edge_mobile": {
                "version_added": null
              },
              "firefox": {
                "version_added": "61"
              },
              "firefox_android": {
                "version_added": "61"
              },
              "ie": {
                "version_added": false
              },
              "opera": {
                "version_added": null
              },
              "opera_android": {
                "version_added": null
              },
              "safari": {
                "version_added": null
              },
              "safari_ios": {
                "version_added": null
              },
              "samsunginternet_android": {
                "version_added": null
              },
              "webview_android": {
                "version_added": null
              }
            },
            "status": {
              "experimental": false,
              "standard_track": true,
              "deprecated": false
            }
          }
        }
      }
    }
  }
}
