{
  "css": {
    "properties": {
      "font-smooth": {
        "__compat": {
          "mdn_url": "https://developer.mozilla.org/docs/Web/CSS/font-smooth",
          "support": {
            "chrome": {
              "version_added": "5",
              "prefix": "-webkit-"
            },
            "chrome_android": {
              "version_added": true,
              "prefix": "-webkit-"
            },
            "edge": {
              "version_added": null
            },
            "edge_mobile": {
              "version_added": null
            },
            "firefox": {
              "version_added": "25",
              "prefix": "-moz-osx-",
              "notes": "Only works on MacOS X / macOS."
            },
            "firefox_android": {
              "version_added": null
            },
            "ie": {
              "version_added": false
            },
            "opera": {
              "version_added": true,
              "prefix": "-webkit-"
            },
            "opera_android": {
              "version_added": true,
              "prefix": "-webkit-"
            },
            "safari": {
              "version_added": "4",
              "prefix": "-webkit-",
              "notes": "Only works on Mac OS X/macOS."
            },
            "safari_ios": {
              "version_added": null
            },
            "webview_android": {
              "version_added": true,
              "prefix": "-webkit-"
            }
          },
          "status": {
            "experimental": false,
            "standard_track": false,
            "deprecated": false
          }
        }
      }
    }
  }
}
