{
  "css": {
    "properties": {
      "grid-row-start": {
        "__compat": {
          "mdn_url": "https://developer.mozilla.org/docs/Web/CSS/grid-row-start",
          "support": {
            "chrome": [
              {
                "version_added": "57"
              },
              {
                "version_added": "29",
                "flags": [
                  {
                    "type": "preference",
                    "name": "Enable experimental Web Platform features"
                  }
                ]
              }
            ],
            "chrome_android": [
              {
                "version_added": "57"
              },
              {
                "version_added": "29",
                "flags": [
                  {
                    "type": "preference",
                    "name": "Enable experimental Web Platform features"
                  }
                ]
              }
            ],
            "edge": {
              "version_added": "16"
            },
            "edge_mobile": {
              "version_added": false
            },
            "firefox": [
              {
                "version_added": "52"
              },
              {
                "version_added": "40",
                "flags": [
                  {
                    "type": "preference",
                    "name": "layout.css.grid.enabled",
                    "value_to_set": "true"
                  }
                ]
              }
            ],
            "firefox_android": [
              {
                "version_added": "52"
              },
              {
                "version_added": "40",
                "flags": [
                  {
                    "type": "preference",
                    "name": "layout.css.grid.enabled",
                    "value_to_set": "true"
                  }
                ]
              }
            ],
            "ie": {
              "version_added": false
            },
            "opera": [
              {
                "version_added": "44"
              },
              {
                "version_added": "28",
                "flags": [
                  {
                    "type": "preference",
                    "name": "Enable experimental Web Platform features"
                  }
                ]
              }
            ],
            "opera_android": {
              "version_added": "44"
            },
            "safari": {
              "version_added": "10.1"
            },
            "safari_ios": {
              "version_added": "10.3"
            },
            "samsunginternet_android": {
              "version_added": "6.0"
            },
            "webview_android": {
              "version_added": "57"
            }
          },
          "status": {
            "experimental": false,
            "standard_track": true,
            "deprecated": false
          }
        }
      }
    }
  }
}
