{
  "css": {
    "properties": {
      "initial-letter": {
        "__compat": {
          "mdn_url": "https://developer.mozilla.org/docs/Web/CSS/initial-letter",
          "support": {
            "chrome": {
              "version_added": false
            },
            "chrome_android": {
              "version_added": false
            },
            "edge": {
              "version_added": null
            },
            "edge_mobile": {
              "version_added": null
            },
            "firefox": {
              "version_added": false,
              "notes": "See <a href='https://bugzil.la/1223880'>bug 1223880</a>"
            },
            "firefox_android": {
              "version_added": false,
              "notes": "See <a href='https://bugzil.la/1223880'>bug 1223880</a>"
            },
            "ie": {
              "version_added": false
            },
            "opera": {
              "version_added": false
            },
            "opera_android": {
              "version_added": false
            },
            "safari": {
              "version_added": "9"
            },
            "safari_ios": {
              "version_added": "9"
            },
            "samsunginternet_android": {
              "version_added": false
            },
            "webview_android": {
              "version_added": false
            }
          },
          "status": {
            "experimental": true,
            "standard_track": true,
            "deprecated": false
          }
        }
      }
    }
  }
}
