{
  "css": {
    "properties": {
      "list-style-type": {
        "__compat": {
          "mdn_url": "https://developer.mozilla.org/docs/Web/CSS/list-style-type",
          "support": {
            "chrome": {
              "version_added": "1"
            },
            "chrome_android": {
              "version_added": true
            },
            "edge": {
              "version_added": "12"
            },
            "edge_mobile": {
              "version_added": "12"
            },
            "firefox": {
              "version_added": "1"
            },
            "firefox_android": {
              "version_added": "4"
            },
            "ie": {
              "version_added": "4"
            },
            "opera": {
              "version_added": "3.5"
            },
            "opera_android": {
              "version_added": true
            },
            "safari": {
              "version_added": "1"
            },
            "safari_ios": {
              "version_added": true
            },
            "samsunginternet_android": {
              "version_added": true
            },
            "webview_android": {
              "version_added": true
            }
          },
          "status": {
            "experimental": false,
            "standard_track": true,
            "deprecated": false
          }
        },
        "arabic-indic": {
          "__compat": {
            "description": "<code>arabic-indic</code>",
            "support": {
              "chrome": {
                "version_added": false
              },
              "chrome_android": {
                "version_added": null
              },
              "edge": {
                "version_added": false
              },
              "edge_mobile": {
                "version_added": null
              },
              "firefox": {
                "version_added": null
              },
              "firefox_android": [
                {
                  "version_added": "33"
                },
                {
                  "prefix": "-moz-",
                  "version_added": "4"
                }
              ],
              "ie": {
                "version_added": false
              },
              "opera": {
                "version_added": false
              },
              "opera_android": {
                "version_added": null
              },
              "safari": {
                "version_added": false
              },
              "safari_ios": {
                "version_added": null
              },
              "samsunginternet_android": {
                "version_added": false
              },
              "webview_android": {
                "version_added": null
              }
            },
            "status": {
              "experimental": true,
              "standard_track": true,
              "deprecated": false
            }
          }
        },
        "armenian": {
          "__compat": {
            "description": "<code>armenian</code>",
            "support": {
              "chrome": {
                "version_added": "1"
              },
              "chrome_android": {
                "version_added": true
              },
              "edge": {
                "version_added": "12"
              },
              "edge_mobile": {
                "version_added": true
              },
              "firefox": {
                "version_added": "1"
              },
              "firefox_android": {
                "version_added": "4"
              },
              "ie": {
                "version_added": "8"
              },
              "opera": {
                "version_added": "6"
              },
              "opera_android": {
                "version_added": true
              },
              "safari": {
                "version_added": "1"
              },
              "safari_ios": {
                "version_added": true
              },
              "samsunginternet_android": {
                "version_added": true
              },
              "webview_android": {
                "version_added": null
              }
            },
            "status": {
              "experimental": false,
              "standard_track": true,
              "deprecated": false
            }
          }
        },
        "bengali": {
          "__compat": {
            "description": "<code>bengali</code>",
            "support": {
              "chrome": {
                "version_added": false
              },
              "chrome_android": {
                "version_added": null
              },
              "edge": {
                "version_added": false
              },
              "edge_mobile": {
                "version_added": null
              },
              "firefox": {
                "version_added": null
              },
              "firefox_android": [
                {
                  "version_added": "33"
                },
                {
                  "prefix": "-moz-",
                  "version_added": "4"
                }
              ],
              "ie": {
                "version_added": false
              },
              "opera": {
                "version_added": false
              },
              "opera_android": {
                "version_added": null
              },
              "safari": {
                "version_added": false
              },
              "safari_ios": {
                "version_added": null
              },
              "samsunginternet_android": {
                "version_added": false
              },
              "webview_android": {
                "version_added": null
              }
            },
            "status": {
              "experimental": true,
              "standard_track": true,
              "deprecated": false
            }
          }
        },
        "cjk-decimal": {
          "__compat": {
            "description": "<code>cjk-decimal</code>",
            "support": {
              "chrome": {
                "version_added": false
              },
              "chrome_android": {
                "version_added": null
              },
              "edge": {
                "version_added": false
              },
              "edge_mobile": {
                "version_added": null
              },
              "firefox": {
                "version_added": "28"
              },
              "firefox_android": {
                "version_added": null
              },
              "ie": {
                "version_added": false
              },
              "opera": {
                "version_added": false
              },
              "opera_android": {
                "version_added": null
              },
              "safari": {
                "version_added": false
              },
              "safari_ios": {
                "version_added": null
              },
              "samsunginternet_android": {
                "version_added": false
              },
              "webview_android": {
                "version_added": null
              }
            },
            "status": {
              "experimental": true,
              "standard_track": true,
              "deprecated": false
            }
          }
        },
        "cjk-earthly-branch": {
          "__compat": {
            "description": "<code>cjk-earthly-branch</code>",
            "support": {
              "chrome": {
                "version_added": false
              },
              "chrome_android": {
                "version_added": null
              },
              "edge": {
                "version_added": false
              },
              "edge_mobile": {
                "version_added": null
              },
              "firefox": {
                "version_added": null
              },
              "firefox_android": [
                {
                  "version_added": "33"
                },
                {
                  "prefix": "-moz-",
                  "version_added": "4"
                }
              ],
              "ie": {
                "version_added": false
              },
              "opera": {
                "version_added": false
              },
              "opera_android": {
                "version_added": null
              },
              "safari": {
                "version_added": false
              },
              "safari_ios": {
                "version_added": null
              },
              "samsunginternet_android": {
                "version_added": false
              },
              "webview_android": {
                "version_added": null
              }
            },
            "status": {
              "experimental": true,
              "standard_track": true,
              "deprecated": false
            }
          }
        },
        "cjk-heavenly-stem": {
          "__compat": {
            "description": "<code>cjk-heavenly-stem</code>",
            "support": {
              "chrome": {
                "version_added": false
              },
              "chrome_android": {
                "version_added": null
              },
              "edge": {
                "version_added": false
              },
              "edge_mobile": {
                "version_added": null
              },
              "firefox": {
                "version_added": null
              },
              "firefox_android": [
                {
                  "version_added": "33"
                },
                {
                  "prefix": "-moz-",
                  "version_added": "4"
                }
              ],
              "ie": {
                "version_added": false
              },
              "opera": {
                "version_added": false
              },
              "opera_android": {
                "version_added": null
              },
              "safari": {
                "version_added": false
              },
              "safari_ios": {
                "version_added": null
              },
              "samsunginternet_android": {
                "version_added": false
              },
              "webview_android": {
                "version_added": null
              }
            },
            "status": {
              "experimental": true,
              "standard_track": true,
              "deprecated": false
            }
          }
        },
        "cjk-ideographic": {
          "__compat": {
            "description": "<code>cjk-ideographic</code>",
            "support": {
              "chrome": {
                "version_added": "1"
              },
              "chrome_android": {
                "version_added": null
              },
              "edge": {
                "version_added": false
              },
              "edge_mobile": {
                "version_added": null
              },
              "firefox": {
                "version_added": "1"
              },
              "firefox_android": {
                "version_added": null
              },
              "ie": {
                "version_added": false
              },
              "opera": [
                {
                  "version_added": "15"
                },
                {
                  "version_added": "7",
                  "partial_implementation": true,
                  "notes": "Until version 15, only decimal numbers display."
                }
              ],
              "opera_android": {
                "version_added": null
              },
              "safari": {
                "version_added": null
              },
              "safari_ios": {
                "version_added": null
              },
              "samsunginternet_android": {
                "version_added": null
              },
              "webview_android": {
                "version_added": null
              }
            },
            "status": {
              "experimental": true,
              "standard_track": true,
              "deprecated": false
            }
          }
        },
        "decimal-leading-zero": {
          "__compat": {
            "description": "<code>decimal-leading-zero</code>",
            "support": {
              "chrome": {
                "version_added": "1"
              },
              "chrome_android": {
                "version_added": null
              },
              "edge": {
                "version_added": "12"
              },
              "edge_mobile": {
                "version_added": null
              },
              "firefox": {
                "version_added": "1"
              },
              "firefox_android": {
                "version_added": null
              },
              "ie": {
                "version_added": "8"
              },
              "opera": {
                "version_added": "8"
              },
              "opera_android": {
                "version_added": null
              },
              "safari": {
                "version_added": "1"
              },
              "safari_ios": {
                "version_added": null
              },
              "samsunginternet_android": {
                "version_added": null
              },
              "webview_android": {
                "version_added": null
              }
            },
            "status": {
              "experimental": false,
              "standard_track": true,
              "deprecated": false
            }
          }
        },
        "devanagari": {
          "__compat": {
            "description": "<code>devanagari</code>",
            "support": {
              "chrome": {
                "version_added": false
              },
              "chrome_android": {
                "version_added": null
              },
              "edge": {
                "version_added": false
              },
              "edge_mobile": {
                "version_added": null
              },
              "firefox": {
                "version_added": null
              },
              "firefox_android": [
                {
                  "version_added": "33"
                },
                {
                  "prefix": "-moz-",
                  "version_added": "4"
                }
              ],
              "ie": {
                "version_added": false
              },
              "opera": {
                "version_added": false
              },
              "opera_android": {
                "version_added": null
              },
              "safari": {
                "version_added": false
              },
              "safari_ios": {
                "version_added": null
              },
              "samsunginternet_android": {
                "version_added": false
              },
              "webview_android": {
                "version_added": null
              }
            },
            "status": {
              "experimental": true,
              "standard_track": true,
              "deprecated": false
            }
          }
        },
        "disclosure-closed": {
          "__compat": {
            "description": "<code>disclosure-closed</code>",
            "support": {
              "chrome": {
                "version_added": false
              },
              "chrome_android": {
                "version_added": null
              },
              "edge": {
                "version_added": false
              },
              "edge_mobile": {
                "version_added": null
              },
              "firefox": {
                "version_added": "33"
              },
              "firefox_android": {
                "version_added": null
              },
              "ie": {
                "version_added": false
              },
              "opera": {
                "version_added": false
              },
              "opera_android": {
                "version_added": null
              },
              "safari": {
                "version_added": false
              },
              "safari_ios": {
                "version_added": null
              },
              "samsunginternet_android": {
                "version_added": false
              },
              "webview_android": {
                "version_added": null
              }
            },
            "status": {
              "experimental": true,
              "standard_track": true,
              "deprecated": false
            }
          }
        },
        "disclosure-open": {
          "__compat": {
            "description": "<code>disclosure-open</code>",
            "support": {
              "chrome": {
                "version_added": false
              },
              "chrome_android": {
                "version_added": null
              },
              "edge": {
                "version_added": false
              },
              "edge_mobile": {
                "version_added": null
              },
              "firefox": {
                "version_added": "33"
              },
              "firefox_android": {
                "version_added": null
              },
              "ie": {
                "version_added": false
              },
              "opera": {
                "version_added": false
              },
              "opera_android": {
                "version_added": null
              },
              "safari": {
                "version_added": false
              },
              "safari_ios": {
                "version_added": null
              },
              "samsunginternet_android": {
                "version_added": false
              },
              "webview_android": {
                "version_added": null
              }
            },
            "status": {
              "experimental": true,
              "standard_track": true,
              "deprecated": false
            }
          }
        },
        "ethiopic-numeric": {
          "__compat": {
            "description": "<code>ethiopic-numeric</code>",
            "support": {
              "chrome": {
                "version_added": false
              },
              "chrome_android": {
                "version_added": null
              },
              "edge": {
                "version_added": false
              },
              "edge_mobile": {
                "version_added": null
              },
              "firefox": {
                "version_added": null
              },
              "firefox_android": [
                {
                  "version_added": "33",
                  "notes": "Before Firefox 38, Firefox added a dot as suffix of the number for <code>ethiopic-numeric</code> (for example, ፫. instead of ፫). The specification later defined the absence of a suffix, which Firefox 38 followed."
                },
                {
                  "prefix": "-moz-",
                  "version_added": "4"
                }
              ],
              "ie": {
                "version_added": false
              },
              "opera": {
                "version_added": false
              },
              "opera_android": {
                "version_added": null
              },
              "safari": {
                "version_added": false
              },
              "safari_ios": {
                "version_added": null
              },
              "samsunginternet_android": {
                "version_added": false
              },
              "webview_android": {
                "version_added": null
              }
            },
            "status": {
              "experimental": true,
              "standard_track": true,
              "deprecated": false
            }
          }
        },
        "georgian": {
          "__compat": {
            "description": "<code>georgian</code>",
            "support": {
              "chrome": {
                "version_added": "1"
              },
              "chrome_android": {
                "version_added": true
              },
              "edge": {
                "version_added": "12"
              },
              "edge_mobile": {
                "version_added": true
              },
              "firefox": {
                "version_added": "1"
              },
              "firefox_android": {
                "version_added": "4"
              },
              "ie": {
                "version_added": "8"
              },
              "opera": {
                "version_added": "6"
              },
              "opera_android": {
                "version_added": true
              },
              "safari": {
                "version_added": "1"
              },
              "safari_ios": {
                "version_added": true
              },
              "samsunginternet_android": {
                "version_added": true
              },
              "webview_android": {
                "version_added": null
              }
            },
            "status": {
              "experimental": false,
              "standard_track": true,
              "deprecated": false
            }
          }
        },
        "gujarati": {
          "__compat": {
            "description": "<code>gujarati</code>",
            "support": {
              "chrome": {
                "version_added": false
              },
              "chrome_android": {
                "version_added": null
              },
              "edge": {
                "version_added": false
              },
              "edge_mobile": {
                "version_added": null
              },
              "firefox": {
                "version_added": null
              },
              "firefox_android": [
                {
                  "version_added": "33"
                },
                {
                  "prefix": "-moz-",
                  "version_added": "4"
                }
              ],
              "ie": {
                "version_added": false
              },
              "opera": {
                "version_added": false
              },
              "opera_android": {
                "version_added": null
              },
              "safari": {
                "version_added": false
              },
              "safari_ios": {
                "version_added": null
              },
              "samsunginternet_android": {
                "version_added": false
              },
              "webview_android": {
                "version_added": null
              }
            },
            "status": {
              "experimental": true,
              "standard_track": true,
              "deprecated": false
            }
          }
        },
        "gurmukhi": {
          "__compat": {
            "description": "<code>gurmukhi</code>",
            "support": {
              "chrome": {
                "version_added": false
              },
              "chrome_android": {
                "version_added": null
              },
              "edge": {
                "version_added": false
              },
              "edge_mobile": {
                "version_added": null
              },
              "firefox": {
                "version_added": null
              },
              "firefox_android": [
                {
                  "version_added": "33"
                },
                {
                  "prefix": "-moz-",
                  "version_added": "4"
                }
              ],
              "ie": {
                "version_added": false
              },
              "opera": {
                "version_added": false
              },
              "opera_android": {
                "version_added": null
              },
              "safari": {
                "version_added": false
              },
              "safari_ios": {
                "version_added": null
              },
              "samsunginternet_android": {
                "version_added": false
              },
              "webview_android": {
                "version_added": null
              }
            },
            "status": {
              "experimental": true,
              "standard_track": true,
              "deprecated": false
            }
          }
        },
        "hebrew": {
          "__compat": {
            "description": "<code>hebrew</code>",
            "support": {
              "chrome": {
                "version_added": "1"
              },
              "chrome_android": {
                "version_added": null
              },
              "edge": {
                "version_added": false
              },
              "edge_mobile": {
                "version_added": null
              },
              "firefox": {
                "version_added": "1"
              },
              "firefox_android": {
                "version_added": null
              },
              "ie": {
                "version_added": false
              },
              "opera": [
                {
                  "version_added": "15"
                },
                {
                  "version_added": "7",
                  "partial_implementation": true,
                  "notes": "Until version 15, only decimal numbers display."
                }
              ],
              "opera_android": {
                "version_added": null
              },
              "safari": {
                "version_added": null
              },
              "safari_ios": {
                "version_added": null
              },
              "samsunginternet_android": {
                "version_added": null
              },
              "webview_android": {
                "version_added": null
              }
            },
            "status": {
              "experimental": true,
              "standard_track": true,
              "deprecated": false
            }
          }
        },
        "hiragana": {
          "__compat": {
            "description": "<code>hiragana</code>",
            "support": {
              "chrome": {
                "version_added": "1"
              },
              "chrome_android": {
                "version_added": null
              },
              "edge": {
                "version_added": false
              },
              "edge_mobile": {
                "version_added": null
              },
              "firefox": {
                "version_added": "1"
              },
              "firefox_android": {
                "version_added": null
              },
              "ie": {
                "version_added": false
              },
              "opera": [
                {
                  "version_added": "15"
                },
                {
                  "version_added": "7",
                  "partial_implementation": true,
                  "notes": "Until version 15, only decimal numbers display."
                }
              ],
              "opera_android": {
                "version_added": null
              },
              "safari": {
                "version_added": null
              },
              "safari_ios": {
                "version_added": null
              },
              "samsunginternet_android": {
                "version_added": null
              },
              "webview_android": {
                "version_added": null
              }
            },
            "status": {
              "experimental": true,
              "standard_track": true,
              "deprecated": false
            }
          }
        },
        "hiragana-iroha": {
          "__compat": {
            "description": "<code>hiragana-iroha</code>",
            "support": {
              "chrome": {
                "version_added": "1"
              },
              "chrome_android": {
                "version_added": null
              },
              "edge": {
                "version_added": false
              },
              "edge_mobile": {
                "version_added": null
              },
              "firefox": {
                "version_added": "1"
              },
              "firefox_android": {
                "version_added": null
              },
              "ie": {
                "version_added": false
              },
              "opera": [
                {
                  "version_added": "15"
                },
                {
                  "version_added": "7",
                  "partial_implementation": true,
                  "notes": "Until version 15, only decimal numbers display."
                }
              ],
              "opera_android": {
                "version_added": null
              },
              "safari": {
                "version_added": null
              },
              "safari_ios": {
                "version_added": null
              },
              "samsunginternet_android": {
                "version_added": null
              },
              "webview_android": {
                "version_added": null
              }
            },
            "status": {
              "experimental": true,
              "standard_track": true,
              "deprecated": false
            }
          }
        },
        "japanese-formal": {
          "__compat": {
            "description": "<code>japanese-formal</code>",
            "support": {
              "chrome": {
                "version_added": false
              },
              "chrome_android": {
                "version_added": null
              },
              "edge": {
                "version_added": false
              },
              "edge_mobile": {
                "version_added": null
              },
              "firefox": [
                {
                  "version_added": "28"
                },
                {
                  "prefix": "-moz-",
                  "version_added": "1"
                }
              ],
              "firefox_android": {
                "version_added": null
              },
              "ie": {
                "version_added": false
              },
              "opera": {
                "version_added": false
              },
              "opera_android": {
                "version_added": null
              },
              "safari": {
                "version_added": false
              },
              "safari_ios": {
                "version_added": null
              },
              "samsunginternet_android": {
                "version_added": false
              },
              "webview_android": {
                "version_added": null
              }
            },
            "status": {
              "experimental": true,
              "standard_track": true,
              "deprecated": false
            }
          }
        },
        "japanese-informal": {
          "__compat": {
            "description": "<code>japanese-informal</code>",
            "support": {
              "chrome": {
                "version_added": false
              },
              "chrome_android": {
                "version_added": null
              },
              "edge": {
                "version_added": false
              },
              "edge_mobile": {
                "version_added": null
              },
              "firefox": [
                {
                  "version_added": "28"
                },
                {
                  "prefix": "-moz-",
                  "version_added": "1"
                }
              ],
              "firefox_android": {
                "version_added": null
              },
              "ie": {
                "version_added": false
              },
              "opera": {
                "version_added": false
              },
              "opera_android": {
                "version_added": null
              },
              "safari": {
                "version_added": false
              },
              "safari_ios": {
                "version_added": null
              },
              "samsunginternet_android": {
                "version_added": false
              },
              "webview_android": {
                "version_added": null
              }
            },
            "status": {
              "experimental": true,
              "standard_track": true,
              "deprecated": false
            }
          }
        },
        "kannada": {
          "__compat": {
            "description": "<code>kannada</code>",
            "support": {
              "chrome": {
                "version_added": false
              },
              "chrome_android": {
                "version_added": null
              },
              "edge": {
                "version_added": false
              },
              "edge_mobile": {
                "version_added": null
              },
              "firefox": {
                "version_added": null
              },
              "firefox_android": [
                {
                  "version_added": "33"
                },
                {
                  "prefix": "-moz-",
                  "version_added": "4"
                }
              ],
              "ie": {
                "version_added": false
              },
              "opera": {
                "version_added": false
              },
              "opera_android": {
                "version_added": null
              },
              "safari": {
                "version_added": false
              },
              "safari_ios": {
                "version_added": null
              },
              "samsunginternet_android": {
                "version_added": false
              },
              "webview_android": {
                "version_added": null
              }
            },
            "status": {
              "experimental": true,
              "standard_track": true,
              "deprecated": false
            }
          }
        },
        "katakana": {
          "__compat": {
            "description": "<code>katakana</code>",
            "support": {
              "chrome": {
                "version_added": "1"
              },
              "chrome_android": {
                "version_added": null
              },
              "edge": {
                "version_added": false
              },
              "edge_mobile": {
                "version_added": null
              },
              "firefox": {
                "version_added": "1"
              },
              "firefox_android": {
                "version_added": null
              },
              "ie": {
                "version_added": false
              },
              "opera": [
                {
                  "version_added": "15"
                },
                {
                  "version_added": "7",
                  "partial_implementation": true,
                  "notes": "Until version 15, only decimal numbers display."
                }
              ],
              "opera_android": {
                "version_added": null
              },
              "safari": {
                "version_added": null
              },
              "safari_ios": {
                "version_added": null
              },
              "samsunginternet_android": {
                "version_added": null
              },
              "webview_android": {
                "version_added": null
              }
            },
            "status": {
              "experimental": true,
              "standard_track": true,
              "deprecated": false
            }
          }
        },
        "katakana-iroha": {
          "__compat": {
            "description": "<code>katakana-iroha</code>",
            "support": {
              "chrome": {
                "version_added": "1"
              },
              "chrome_android": {
                "version_added": null
              },
              "edge": {
                "version_added": false
              },
              "edge_mobile": {
                "version_added": null
              },
              "firefox": {
                "version_added": "1"
              },
              "firefox_android": {
                "version_added": null
              },
              "ie": {
                "version_added": false
              },
              "opera": [
                {
                  "version_added": "15"
                },
                {
                  "version_added": "7",
                  "partial_implementation": true,
                  "notes": "Until version 15, only decimal numbers display."
                }
              ],
              "opera_android": {
                "version_added": null
              },
              "safari": {
                "version_added": null
              },
              "safari_ios": {
                "version_added": null
              },
              "samsunginternet_android": {
                "version_added": null
              },
              "webview_android": {
                "version_added": null
              }
            },
            "status": {
              "experimental": true,
              "standard_track": true,
              "deprecated": false
            }
          }
        },
        "khmer": {
          "__compat": {
            "description": "<code>khmer</code>",
            "support": {
              "chrome": {
                "version_added": false
              },
              "chrome_android": {
                "version_added": null
              },
              "edge": {
                "version_added": false
              },
              "edge_mobile": {
                "version_added": null
              },
              "firefox": {
                "version_added": null
              },
              "firefox_android": [
                {
                  "version_added": "33"
                },
                {
                  "prefix": "-moz-",
                  "version_added": "4"
                }
              ],
              "ie": {
                "version_added": false
              },
              "opera": {
                "version_added": false
              },
              "opera_android": {
                "version_added": null
              },
              "safari": {
                "version_added": false
              },
              "safari_ios": {
                "version_added": null
              },
              "samsunginternet_android": {
                "version_added": false
              },
              "webview_android": {
                "version_added": null
              }
            },
            "status": {
              "experimental": true,
              "standard_track": true,
              "deprecated": false
            }
          }
        },
        "korean-hangul-formal": {
          "__compat": {
            "description": "<code>korean-hangul-formal</code>",
            "support": {
              "chrome": {
                "version_added": false
              },
              "chrome_android": {
                "version_added": null
              },
              "edge": {
                "version_added": false
              },
              "edge_mobile": {
                "version_added": null
              },
              "firefox": {
                "version_added": "28"
              },
              "firefox_android": {
                "version_added": null
              },
              "ie": {
                "version_added": false
              },
              "opera": {
                "version_added": false
              },
              "opera_android": {
                "version_added": null
              },
              "safari": {
                "version_added": false
              },
              "safari_ios": {
                "version_added": null
              },
              "samsunginternet_android": {
                "version_added": false
              },
              "webview_android": {
                "version_added": null
              }
            },
            "status": {
              "experimental": true,
              "standard_track": true,
              "deprecated": false
            }
          }
        },
        "korean-hanja-formal": {
          "__compat": {
            "description": "<code>korean-hanja-formal</code>",
            "support": {
              "chrome": {
                "version_added": false
              },
              "chrome_android": {
                "version_added": null
              },
              "edge": {
                "version_added": false
              },
              "edge_mobile": {
                "version_added": null
              },
              "firefox": {
                "version_added": "28"
              },
              "firefox_android": {
                "version_added": null
              },
              "ie": {
                "version_added": false
              },
              "opera": {
                "version_added": false
              },
              "opera_android": {
                "version_added": null
              },
              "safari": {
                "version_added": false
              },
              "safari_ios": {
                "version_added": null
              },
              "samsunginternet_android": {
                "version_added": false
              },
              "webview_android": {
                "version_added": null
              }
            },
            "status": {
              "experimental": true,
              "standard_track": true,
              "deprecated": false
            }
          }
        },
        "korean-hanja-informal": {
          "__compat": {
            "description": "<code>korean-hanja-informal</code>",
            "support": {
              "chrome": {
                "version_added": false
              },
              "chrome_android": {
                "version_added": null
              },
              "edge": {
                "version_added": false
              },
              "edge_mobile": {
                "version_added": null
              },
              "firefox": {
                "version_added": "28"
              },
              "firefox_android": {
                "version_added": null
              },
              "ie": {
                "version_added": false
              },
              "opera": {
                "version_added": false
              },
              "opera_android": {
                "version_added": null
              },
              "safari": {
                "version_added": false
              },
              "safari_ios": {
                "version_added": null
              },
              "samsunginternet_android": {
                "version_added": false
              },
              "webview_android": {
                "version_added": null
              }
            },
            "status": {
              "experimental": true,
              "standard_track": true,
              "deprecated": false
            }
          }
        },
        "lao": {
          "__compat": {
            "description": "<code>lao</code>",
            "support": {
              "chrome": {
                "version_added": false
              },
              "chrome_android": {
                "version_added": null
              },
              "edge": {
                "version_added": false
              },
              "edge_mobile": {
                "version_added": null
              },
              "firefox": {
                "version_added": null
              },
              "firefox_android": [
                {
                  "version_added": "33"
                },
                {
                  "prefix": "-moz-",
                  "version_added": "4"
                }
              ],
              "ie": {
                "version_added": false
              },
              "opera": {
                "version_added": false
              },
              "opera_android": {
                "version_added": null
              },
              "safari": {
                "version_added": false
              },
              "safari_ios": {
                "version_added": null
              },
              "samsunginternet_android": {
                "version_added": false
              },
              "webview_android": {
                "version_added": null
              }
            },
            "status": {
              "experimental": true,
              "standard_track": true,
              "deprecated": false
            }
          }
        },
        "lower-greek": {
          "__compat": {
            "description": "<code>lower-greek</code>",
            "support": {
              "chrome": {
                "version_added": "1"
              },
              "chrome_android": {
                "version_added": true
              },
              "edge": {
                "version_added": "12"
              },
              "edge_mobile": {
                "version_added": true
              },
              "firefox": {
                "version_added": "1"
              },
              "firefox_android": {
                "version_added": "4"
              },
              "ie": {
                "version_added": "8"
              },
              "opera": {
                "version_added": "6"
              },
              "opera_android": {
                "version_added": true
              },
              "safari": {
                "version_added": "1"
              },
              "safari_ios": {
                "version_added": true
              },
              "samsunginternet_android": {
                "version_added": true
              },
              "webview_android": {
                "version_added": null
              }
            },
            "status": {
              "experimental": false,
              "standard_track": true,
              "deprecated": false
            }
          }
        },
        "lower-latin": {
          "__compat": {
            "description": "<code>lower-latin</code>",
            "support": {
              "chrome": {
                "version_added": "1"
              },
              "chrome_android": {
                "version_added": true
              },
              "edge": {
                "version_added": "12"
              },
              "edge_mobile": {
                "version_added": true
              },
              "firefox": {
                "version_added": "1"
              },
              "firefox_android": {
                "version_added": "4"
              },
              "ie": {
                "version_added": "8"
              },
              "opera": {
                "version_added": "6"
              },
              "opera_android": {
                "version_added": true
              },
              "safari": {
                "version_added": "1"
              },
              "safari_ios": {
                "version_added": true
              },
              "samsunginternet_android": {
                "version_added": true
              },
              "webview_android": {
                "version_added": null
              }
            },
            "status": {
              "experimental": false,
              "standard_track": true,
              "deprecated": false
            }
          }
        },
        "malayalam": {
          "__compat": {
            "description": "<code>malayalam</code>",
            "support": {
              "chrome": {
                "version_added": false
              },
              "chrome_android": {
                "version_added": null
              },
              "edge": {
                "version_added": false
              },
              "edge_mobile": {
                "version_added": null
              },
              "firefox": {
                "version_added": null
              },
              "firefox_android": [
                {
                  "version_added": "33"
                },
                {
                  "prefix": "-moz-",
                  "version_added": "4"
                }
              ],
              "ie": {
                "version_added": false
              },
              "opera": {
                "version_added": false
              },
              "opera_android": {
                "version_added": null
              },
              "safari": {
                "version_added": false
              },
              "safari_ios": {
                "version_added": null
              },
              "samsunginternet_android": {
                "version_added": false
              },
              "webview_android": {
                "version_added": null
              }
            },
            "status": {
              "experimental": true,
              "standard_track": true,
              "deprecated": false
            }
          }
        },
        "mongolian": {
          "__compat": {
            "description": "<code>mongolian</code>",
            "support": {
              "chrome": {
                "version_added": false
              },
              "chrome_android": {
                "version_added": null
              },
              "edge": {
                "version_added": false
              },
              "edge_mobile": {
                "version_added": null
              },
              "firefox": {
                "version_added": "33"
              },
              "firefox_android": {
                "version_added": null
              },
              "ie": {
                "version_added": false
              },
              "opera": {
                "version_added": false
              },
              "opera_android": {
                "version_added": null
              },
              "safari": {
                "version_added": false
              },
              "safari_ios": {
                "version_added": null
              },
              "samsunginternet_android": {
                "version_added": false
              },
              "webview_android": {
                "version_added": null
              }
            },
            "status": {
              "experimental": true,
              "standard_track": true,
              "deprecated": false
            }
          }
        },
        "myanmar": {
          "__compat": {
            "description": "<code>myanmar</code>",
            "support": {
              "chrome": {
                "version_added": false
              },
              "chrome_android": {
                "version_added": null
              },
              "edge": {
                "version_added": false
              },
              "edge_mobile": {
                "version_added": null
              },
              "firefox": {
                "version_added": null
              },
              "firefox_android": [
                {
                  "version_added": "33"
                },
                {
                  "prefix": "-moz-",
                  "version_added": "4"
                }
              ],
              "ie": {
                "version_added": false
              },
              "opera": {
                "version_added": false
              },
              "opera_android": {
                "version_added": null
              },
              "safari": {
                "version_added": false
              },
              "safari_ios": {
                "version_added": null
              },
              "samsunginternet_android": {
                "version_added": false
              },
              "webview_android": {
                "version_added": null
              }
            },
            "status": {
              "experimental": true,
              "standard_track": true,
              "deprecated": false
            }
          }
        },
        "oriya": {
          "__compat": {
            "description": "<code>oriya</code>",
            "support": {
              "chrome": {
                "version_added": false
              },
              "chrome_android": {
                "version_added": null
              },
              "edge": {
                "version_added": false
              },
              "edge_mobile": {
                "version_added": null
              },
              "firefox": {
                "version_added": null
              },
              "firefox_android": [
                {
                  "version_added": "33"
                },
                {
                  "prefix": "-moz-",
                  "version_added": "4"
                }
              ],
              "ie": {
                "version_added": false
              },
              "opera": {
                "version_added": false
              },
              "opera_android": {
                "version_added": null
              },
              "safari": {
                "version_added": false
              },
              "safari_ios": {
                "version_added": null
              },
              "samsunginternet_android": {
                "version_added": false
              },
              "webview_android": {
                "version_added": null
              }
            },
            "status": {
              "experimental": true,
              "standard_track": true,
              "deprecated": false
            }
          }
        },
        "persian": {
          "__compat": {
            "description": "<code>persian</code>",
            "support": {
              "chrome": {
                "version_added": false
              },
              "chrome_android": {
                "version_added": null
              },
              "edge": {
                "version_added": false
              },
              "edge_mobile": {
                "version_added": null
              },
              "firefox": {
                "version_added": null
              },
              "firefox_android": [
                {
                  "version_added": "33"
                },
                {
                  "prefix": "-moz-",
                  "version_added": "4"
                }
              ],
              "ie": {
                "version_added": false
              },
              "opera": {
                "version_added": false
              },
              "opera_android": {
                "version_added": null
              },
              "safari": {
                "version_added": false
              },
              "safari_ios": {
                "version_added": null
              },
              "samsunginternet_android": {
                "version_added": false
              },
              "webview_android": {
                "version_added": null
              }
            },
            "status": {
              "experimental": true,
              "standard_track": true,
              "deprecated": false
            }
          }
        },
        "simp-chinese-formal": {
          "__compat": {
            "description": "<code>simp-chinese-formal</code>",
            "support": {
              "chrome": {
                "version_added": false
              },
              "chrome_android": {
                "version_added": null
              },
              "edge": {
                "version_added": false
              },
              "edge_mobile": {
                "version_added": null
              },
              "firefox": [
                {
                  "version_added": "28"
                },
                {
                  "prefix": "-moz-",
                  "version_added": "1"
                }
              ],
              "firefox_android": {
                "version_added": null
              },
              "ie": {
                "version_added": false
              },
              "opera": {
                "version_added": false
              },
              "opera_android": {
                "version_added": null
              },
              "safari": {
                "version_added": false
              },
              "safari_ios": {
                "version_added": null
              },
              "samsunginternet_android": {
                "version_added": false
              },
              "webview_android": {
                "version_added": null
              }
            },
            "status": {
              "experimental": true,
              "standard_track": true,
              "deprecated": false
            }
          }
        },
        "simp-chinese-informal": {
          "__compat": {
            "description": "<code>simp-chinese-informal</code>",
            "support": {
              "chrome": {
                "version_added": false
              },
              "chrome_android": {
                "version_added": null
              },
              "edge": {
                "version_added": false
              },
              "edge_mobile": {
                "version_added": null
              },
              "firefox": [
                {
                  "version_added": "28"
                },
                {
                  "prefix": "-moz-",
                  "version_added": "1"
                }
              ],
              "firefox_android": {
                "version_added": null
              },
              "ie": {
                "version_added": false
              },
              "opera": {
                "version_added": false
              },
              "opera_android": {
                "version_added": null
              },
              "safari": {
                "version_added": false
              },
              "safari_ios": {
                "version_added": null
              },
              "samsunginternet_android": {
                "version_added": false
              },
              "webview_android": {
                "version_added": null
              }
            },
            "status": {
              "experimental": true,
              "standard_track": true,
              "deprecated": false
            }
          }
        },
        "tamil": {
          "__compat": {
            "description": "<code>tamil</code>",
            "support": {
              "chrome": {
                "version_added": false
              },
              "chrome_android": {
                "version_added": null
              },
              "edge": {
                "version_added": false
              },
              "edge_mobile": {
                "version_added": null
              },
              "firefox": {
                "version_added": null
              },
              "firefox_android": [
                {
                  "version_added": "33"
                },
                {
                  "prefix": "-moz-",
                  "version_added": "4"
                }
              ],
              "ie": {
                "version_added": false
              },
              "opera": {
                "version_added": false
              },
              "opera_android": {
                "version_added": null
              },
              "safari": {
                "version_added": false
              },
              "safari_ios": {
                "version_added": null
              },
              "samsunginternet_android": {
                "version_added": false
              },
              "webview_android": {
                "version_added": null
              }
            },
            "status": {
              "experimental": true,
              "standard_track": true,
              "deprecated": false
            }
          }
        },
        "telugu": {
          "__compat": {
            "description": "<code>telugu</code>",
            "support": {
              "chrome": {
                "version_added": false
              },
              "chrome_android": {
                "version_added": null
              },
              "edge": {
                "version_added": false
              },
              "edge_mobile": {
                "version_added": null
              },
              "firefox": {
                "version_added": null
              },
              "firefox_android": [
                {
                  "version_added": "33"
                },
                {
                  "prefix": "-moz-",
                  "version_added": "4"
                }
              ],
              "ie": {
                "version_added": false
              },
              "opera": {
                "version_added": false
              },
              "opera_android": {
                "version_added": null
              },
              "safari": {
                "version_added": false
              },
              "safari_ios": {
                "version_added": null
              },
              "samsunginternet_android": {
                "version_added": false
              },
              "webview_android": {
                "version_added": null
              }
            },
            "status": {
              "experimental": true,
              "standard_track": true,
              "deprecated": false
            }
          }
        },
        "thai": {
          "__compat": {
            "description": "<code>thai</code>",
            "support": {
              "chrome": {
                "version_added": false
              },
              "chrome_android": {
                "version_added": null
              },
              "edge": {
                "version_added": false
              },
              "edge_mobile": {
                "version_added": null
              },
              "firefox": {
                "version_added": null
              },
              "firefox_android": [
                {
                  "version_added": "33"
                },
                {
                  "prefix": "-moz-",
                  "version_added": "4"
                }
              ],
              "ie": {
                "version_added": false
              },
              "opera": {
                "version_added": false
              },
              "opera_android": {
                "version_added": null
              },
              "safari": {
                "version_added": false
              },
              "safari_ios": {
                "version_added": null
              },
              "samsunginternet_android": {
                "version_added": false
              },
              "webview_android": {
                "version_added": null
              }
            },
            "status": {
              "experimental": true,
              "standard_track": true,
              "deprecated": false
            }
          }
        },
        "trad-chinese-formal": {
          "__compat": {
            "description": "<code>trad-chinese-formal</code>",
            "support": {
              "chrome": {
                "version_added": false
              },
              "chrome_android": {
                "version_added": null
              },
              "edge": {
                "version_added": false
              },
              "edge_mobile": {
                "version_added": null
              },
              "firefox": [
                {
                  "version_added": "28"
                },
                {
                  "prefix": "-moz-",
                  "version_added": "1"
                }
              ],
              "firefox_android": {
                "version_added": null
              },
              "ie": {
                "version_added": false
              },
              "opera": {
                "version_added": false
              },
              "opera_android": {
                "version_added": null
              },
              "safari": {
                "version_added": false
              },
              "safari_ios": {
                "version_added": null
              },
              "samsunginternet_android": {
                "version_added": false
              },
              "webview_android": {
                "version_added": null
              }
            },
            "status": {
              "experimental": true,
              "standard_track": true,
              "deprecated": false
            }
          }
        },
        "trad-chinese-informal": {
          "__compat": {
            "description": "<code>trad-chinese-informal</code>",
            "support": {
              "chrome": {
                "version_added": false
              },
              "chrome_android": {
                "version_added": null
              },
              "edge": {
                "version_added": false
              },
              "edge_mobile": {
                "version_added": null
              },
              "firefox": [
                {
                  "version_added": "28"
                },
                {
                  "prefix": "-moz-",
                  "version_added": "1"
                }
              ],
              "firefox_android": {
                "version_added": null
              },
              "ie": {
                "version_added": false
              },
              "opera": {
                "version_added": false
              },
              "opera_android": {
                "version_added": null
              },
              "safari": {
                "version_added": false
              },
              "safari_ios": {
                "version_added": null
              },
              "samsunginternet_android": {
                "version_added": false
              },
              "webview_android": {
                "version_added": null
              }
            },
            "status": {
              "experimental": true,
              "standard_track": true,
              "deprecated": false
            }
          }
        },
        "upper-latin": {
          "__compat": {
            "description": "<code>upper-latin</code>",
            "support": {
              "chrome": {
                "version_added": "1"
              },
              "chrome_android": {
                "version_added": true
              },
              "edge": {
                "version_added": "12"
              },
              "edge_mobile": {
                "version_added": true
              },
              "firefox": {
                "version_added": "1"
              },
              "firefox_android": {
                "version_added": "4"
              },
              "ie": {
                "version_added": "8"
              },
              "opera": {
                "version_added": "6"
              },
              "opera_android": {
                "version_added": true
              },
              "safari": {
                "version_added": "1"
              },
              "safari_ios": {
                "version_added": true
              },
              "samsunginternet_android": {
                "version_added": true
              },
              "webview_android": {
                "version_added": null
              }
            },
            "status": {
              "experimental": false,
              "standard_track": true,
              "deprecated": false
            }
          }
        },
        "string": {
          "__compat": {
            "description": "<code>&lt;string&gt;</code>",
            "support": {
              "chrome": {
                "version_added": false
              },
              "chrome_android": {
                "version_added": null
              },
              "edge": {
                "version_added": false
              },
              "edge_mobile": {
                "version_added": null
              },
              "firefox": {
                "version_added": "39"
              },
              "firefox_android": {
                "version_added": null
              },
              "ie": {
                "version_added": false
              },
              "opera": {
                "version_added": false
              },
              "opera_android": {
                "version_added": null
              },
              "safari": {
                "version_added": false
              },
              "safari_ios": {
                "version_added": null
              },
              "samsunginternet_android": {
                "version_added": false
              },
              "webview_android": {
                "version_added": null
              }
            },
            "status": {
              "experimental": true,
              "standard_track": true,
              "deprecated": false
            }
          }
        },
        "symbols": {
          "__compat": {
            "mdn_url": "https://developer.mozilla.org/docs/Web/CSS/symbols",
            "support": {
              "chrome": {
                "version_added": false
              },
              "chrome_android": {
                "version_added": false
              },
              "edge": {
                "version_added": null
              },
              "edge_mobile": {
                "version_added": null
              },
              "firefox": {
                "version_added": "35"
              },
              "firefox_android": {
                "version_added": "35"
              },
              "ie": {
                "version_added": false
              },
              "opera": {
                "version_added": false
              },
              "opera_android": {
                "version_added": false
              },
              "safari": {
                "version_added": false
              },
              "safari_ios": {
                "version_added": false
              },
              "samsunginternet_android": {
                "version_added": false
              },
              "webview_android": {
                "version_added": false
              }
            },
            "status": {
              "experimental": true,
              "standard_track": true,
              "deprecated": false
            }
          }
        }
      }
    }
  }
}
