{
  "css": {
    "properties": {
      "mask": {
        "__compat": {
          "mdn_url": "https://developer.mozilla.org/docs/Web/CSS/mask",
          "support": {
            "chrome": [
              {
                "version_added": "1",
                "partial_implementation": true,
                "notes": "While the property is recognized, values applied to it don't have any effect."
              },
              {
                "prefix": "-webkit-",
                "version_added": true,
                "notes": "The prefixed property can be used with SVG and HTML with a slightly different syntax, which allows setting the non-standard <a href='https://developer.mozilla.org/docs/Web/CSS/-webkit-mask-attachment'><code>-webkit-mask-attachment</code></a> property."
              }
            ],
            "chrome_android": {
              "version_added": null
            },
            "edge": {
              "version_added": "12"
            },
            "edge_mobile": {
              "version_added": true
            },
            "firefox": {
              "version_added": "2",
              "notes": "From Firefox 10, the default color space when handling masks is sRGB. Previously, the default and only supported color space was linear RGB. This changes the appearance of mask effects, but brings Firefox into compliance with the second edition of the SVG 1.1 specification."
            },
            "firefox_android": {
              "version_added": "4",
              "notes": "From Firefox 10, the default color space when handling masks is sRGB. Previously, the default and only supported color space was linear RGB. This changes the appearance of mask effects, but brings Firefox into compliance with the second edition of the SVG 1.1 specification."
            },
            "ie": {
              "version_added": false
            },
            "opera": [
              {
                "version_added": true,
                "partial_implementation": true,
                "notes": "While the property is recognized, values applied to it don't have any effect."
              },
              {
                "prefix": "-webkit-",
                "version_added": true,
                "notes": "The prefixed property can be used with SVG and HTML with a slightly different syntax, which allows setting the non-standard <a href='https://developer.mozilla.org/docs/Web/CSS/-webkit-mask-attachment'><code>-webkit-mask-attachment</code></a> property."
              }
            ],
            "opera_android": {
              "version_added": null
            },
            "safari": [
              {
                "version_added": "4",
                "partial_implementation": true,
                "notes": "While the property is recognized, values applied to it don't have any effect."
              },
              {
                "prefix": "-webkit-",
                "version_added": true,
                "notes": "The prefixed property can be used with SVG and HTML with a slightly different syntax, which allows setting the non-standard <a href='https://developer.mozilla.org/docs/Web/CSS/-webkit-mask-attachment'><code>-webkit-mask-attachment</code></a> property."
              }
            ],
            "safari_ios": {
              "prefix": "-webkit-",
              "version_added": "3.2"
            },
            "samsunginternet_android": {
              "version_added": null
            },
            "webview_android": [
              {
                "version_added": "2"
              },
              {
                "prefix": "-webkit-",
                "version_added": true
              }
            ]
          },
          "status": {
            "experimental": false,
            "standard_track": true,
            "deprecated": false
          }
        },
        "applies_to_html_elements": {
          "__compat": {
            "description": "Applies to HTML elements",
            "support": {
              "chrome": {
                "prefix": "-webkit-",
                "version_added": true
              },
              "chrome_android": {
                "version_added": null
              },
              "edge": {
                "version_added": null
              },
              "edge_mobile": {
                "version_added": null
              },
              "firefox": {
                "version_added": "3.5"
              },
              "firefox_android": {
                "version_added": null
              },
              "ie": {
                "version_added": false
              },
              "opera": {
                "prefix": "-webkit-",
                "version_added": true
              },
              "opera_android": {
                "version_added": null
              },
              "safari": {
                "version_added": false
              },
              "safari_ios": {
                "version_added": null
              },
              "samsunginternet_android": {
                "version_added": null
              },
              "webview_android": {
                "version_added": null
              }
            },
            "status": {
              "experimental": false,
              "standard_track": true,
              "deprecated": false
            }
          }
        },
        "shorthand_for_mask_properties": {
          "__compat": {
            "description": "Shorthand for <code>mask-*</code> properties",
            "support": {
              "chrome": {
                "prefix": "-webkit-",
                "version_added": true
              },
              "chrome_android": {
                "version_added": null
              },
              "edge": {
                "version_added": null
              },
              "edge_mobile": {
                "version_added": null
              },
              "firefox": {
                "version_added": "53"
              },
              "firefox_android": {
                "version_added": "53"
              },
              "ie": {
                "version_added": false
              },
              "opera": {
                "prefix": "-webkit-",
                "version_added": true
              },
              "opera_android": {
                "version_added": null
              },
              "safari": {
                "version_added": false
              },
              "safari_ios": {
                "version_added": null
              },
              "samsunginternet_android": {
                "version_added": null
              },
              "webview_android": {
                "version_added": null
              }
            },
            "status": {
              "experimental": false,
              "standard_track": true,
              "deprecated": false
            }
          }
        }
      }
    }
  }
}
