{
  "css": {
    "properties": {
      "mask-image": {
        "__compat": {
          "mdn_url": "https://developer.mozilla.org/docs/Web/CSS/mask-image",
          "support": {
            "chrome": {
              "prefix": "-webkit-",
              "version_added": "1",
              "notes": "From version 8, Chrome added support for gradient values. Initially, Chrome supported only <code>-webkit-</code> prefixed values for gradients (such as <code>-webkit-linear-gradient()</code>). Later, support for unprefixed values was added."
            },
            "chrome_android": {
              "version_added": null
            },
            "edge": {
              "version_added": "16"
            },
            "edge_mobile": {
              "version_added": true
            },
            "firefox": {
              "version_added": "53"
            },
            "firefox_android": {
              "version_added": "53"
            },
            "ie": {
              "version_added": false
            },
            "opera": {
              "prefix": "-webkit-",
              "version_added": true
            },
            "opera_android": {
              "version_added": null
            },
            "safari": {
              "prefix": "-webkit-",
              "version_added": "4",
              "notes": "Initially, Safari supported only <code>-webkit-</code> prefixed values for gradients (such as <code>-webkit-linear-gradient()</code>). Later, support for unprefixed values was added."
            },
            "safari_ios": {
              "prefix": "-webkit-",
              "version_added": "3.2",
              "notes": "Initially, Safari supported only <code>-webkit-</code> prefixed values for gradients (such as <code>-webkit-linear-gradient()</code>). Later, support for unprefixed values was added."
            },
            "samsunginternet_android": {
              "version_added": null
            },
            "webview_android": {
              "prefix": "-webkit-",
              "version_added": "2",
              "notes": "Initially, Android supported only <code>-webkit-</code> prefixed values for gradients (such as <code>-webkit-linear-gradient()</code>). Later, support for unprefixed values was added."
            }
          },
          "status": {
            "experimental": true,
            "standard_track": true,
            "deprecated": false
          }
        },
        "multiple_mask_images": {
          "__compat": {
            "description": "Multiple mask images",
            "support": {
              "chrome": {
                "version_added": "1"
              },
              "chrome_android": {
                "version_added": null
              },
              "edge": {
                "version_added": null
              },
              "edge_mobile": {
                "version_added": null
              },
              "firefox": {
                "version_added": "53"
              },
              "firefox_android": {
                "version_added": "53"
              },
              "ie": {
                "version_added": false
              },
              "opera": {
                "version_added": true
              },
              "opera_android": {
                "version_added": false
              },
              "safari": {
                "version_added": "4"
              },
              "safari_ios": {
                "version_added": true
              },
              "samsunginternet_android": {
                "version_added": null
              },
              "webview_android": {
                "version_added": true
              }
            },
            "status": {
              "experimental": true,
              "standard_track": true,
              "deprecated": false
            }
          }
        },
        "svg_masks": {
          "__compat": {
            "description": "SVG masks",
            "support": {
              "chrome": {
                "version_added": "8"
              },
              "chrome_android": {
                "version_added": null
              },
              "edge": {
                "version_added": null
              },
              "edge_mobile": {
                "version_added": null
              },
              "firefox": {
                "version_added": "53"
              },
              "firefox_android": {
                "version_added": "53"
              },
              "ie": {
                "version_added": false
              },
              "opera": {
                "version_added": true
              },
              "opera_android": {
                "version_added": false
              },
              "safari": {
                "version_added": "4"
              },
              "safari_ios": {
                "version_added": true
              },
              "samsunginternet_android": {
                "version_added": null
              },
              "webview_android": {
                "version_added": true
              }
            },
            "status": {
              "experimental": true,
              "standard_track": true,
              "deprecated": false
            }
          }
        }
      }
    }
  }
}
