{
  "css": {
    "properties": {
      "max-height": {
        "__compat": {
          "mdn_url": "https://developer.mozilla.org/docs/Web/CSS/max-height",
          "support": {
            "chrome": {
              "version_added": "18"
            },
            "chrome_android": {
              "version_added": "18"
            },
            "edge": {
              "version_added": "12"
            },
            "edge_mobile": {
              "version_added": true
            },
            "firefox": {
              "version_added": "1",
              "notes": "CSS 2.1 leaves the behavior of <code>max-height</code> with <a href='https://developer.mozilla.org/docs/Web/HTML/Element/table'><code>table</code></a> undefined. Firefox supports applying <code>max-height</code> to <code>table</code> elements."
            },
            "firefox_android": {
              "version_added": true
            },
            "ie": {
              "version_added": "7"
            },
            "opera": {
              "version_added": "7",
              "notes": "CSS 2.1 leaves the behavior of <code>max-height</code> with <a href='https://developer.mozilla.org/docs/Web/HTML/Element/table'><code>table</code></a> undefined. Opera supports applying <code>max-height</code> to <code>table</code> elements."
            },
            "opera_android": {
              "version_added": true
            },
            "safari": {
              "version_added": "1"
            },
            "safari_ios": {
              "version_added": true
            },
            "samsunginternet_android": {
              "version_added": true
            },
            "webview_android": {
              "version_added": true
            }
          },
          "status": {
            "experimental": false,
            "standard_track": true,
            "deprecated": false
          }
        },
        "max-content": {
          "__compat": {
            "description": "<code>max-content</code>",
            "support": {
              "chrome": {
                "version_added": "46"
              },
              "chrome_android": {
                "version_added": "46"
              },
              "edge": {
                "version_added": false
              },
              "edge_mobile": {
                "version_added": false
              },
              "firefox": {
                "version_added": "66"
              },
              "firefox_android": {
                "version_added": "66"
              },
              "ie": {
                "version_added": false
              },
              "opera": {
                "version_added": "44"
              },
              "opera_android": {
                "version_added": "44"
              },
              "safari": {
                "version_added": true
              },
              "safari_ios": {
                "version_added": true
              },
              "samsunginternet_android": {
                "version_added": "5.0"
              },
              "webview_android": {
                "version_added": "46"
              }
            },
            "status": {
              "experimental": false,
              "standard_track": true,
              "deprecated": false
            }
          }
        },
        "min-content": {
          "__compat": {
            "description": "<code>min-content</code>",
            "support": {
              "chrome": {
                "version_added": "46"
              },
              "chrome_android": {
                "version_added": "46"
              },
              "edge": {
                "version_added": false
              },
              "edge_mobile": {
                "version_added": false
              },
              "firefox": {
                "version_added": "66"
              },
              "firefox_android": {
                "version_added": "66"
              },
              "ie": {
                "version_added": false
              },
              "opera": {
                "version_added": "44"
              },
              "opera_android": {
                "version_added": "44"
              },
              "safari": {
                "version_added": true
              },
              "safari_ios": {
                "version_added": true
              },
              "samsunginternet_android": {
                "version_added": "5.0"
              },
              "webview_android": {
                "version_added": "46"
              }
            },
            "status": {
              "experimental": false,
              "standard_track": true,
              "deprecated": false
            }
          }
        },
        "stretch": {
          "__compat": {
            "description": "<code>stretch</code>",
            "support": {
              "chrome": {
                "alternative_name": "-webkit-fill-available",
                "version_added": "28"
              },
              "chrome_android": {
                "alternative_name": "-webkit-fill-available",
                "version_added": "28"
              },
              "edge": {
                "version_added": false
              },
              "edge_mobile": {
                "version_added": false
              },
              "firefox": {
                "version_added": false
              },
              "firefox_android": {
                "version_added": null
              },
              "ie": {
                "version_added": false
              },
              "opera": {
                "version_added": false
              },
              "opera_android": {
                "version_added": null
              },
              "safari": {
                "version_added": false
              },
              "safari_ios": {
                "version_added": null
              },
              "samsunginternet_android": {
                "version_added": false
              },
              "webview_android": {
                "alternative_name": "-webkit-fill-available",
                "version_added": "37"
              }
            },
            "status": {
              "experimental": true,
              "standard_track": true,
              "deprecated": false
            }
          },
          "fit-content": {
            "__compat": {
              "description": "<code>fit-content</code>",
              "support": {
                "chrome": [
                  {
                    "version_added": "46"
                  },
                  {
                    "prefix": "-webkit-",
                    "version_added": "25"
                  }
                ],
                "chrome_android": [
                  {
                    "version_added": "46"
                  },
                  {
                    "prefix": "-webkit-",
                    "version_added": "25"
                  }
                ],
                "edge": {
                  "version_added": false
                },
                "edge_mobile": {
                  "version_added": false
                },
                "firefox": {
                  "version_added": false
                },
                "firefox_android": {
                  "version_added": false
                },
                "ie": {
                  "version_added": false
                },
                "opera": {
                  "version_added": "44"
                },
                "opera_android": {
                  "version_added": "44"
                },
                "safari": [
                  {
                    "prefix": "-webkit-",
                    "version_added": "6.1"
                  },
                  {
                    "alternative_name": "intrinsic",
                    "version_added": "2"
                  }
                ],
                "safari_ios": {
                  "version_added": null
                },
                "samsunginternet_android": {
                  "version_added": "5.0"
                },
                "webview_android": [
                  {
                    "version_added": "46"
                  },
                  {
                    "prefix": "-webkit-",
                    "version_added": true
                  }
                ]
              },
              "status": {
                "experimental": true,
                "standard_track": true,
                "deprecated": false
              }
            }
          }
        }
      }
    }
  }
}
