{
  "css": {
    "properties": {
      "mix-blend-mode": {
        "__compat": {
          "mdn_url": "https://developer.mozilla.org/docs/Web/CSS/mix-blend-mode",
          "support": {
            "chrome": {
              "version_added": "41"
            },
            "chrome_android": {
              "version_added": null
            },
            "edge": {
              "version_added": false
            },
            "edge_mobile": {
              "version_added": true
            },
            "firefox": {
              "version_added": "32"
            },
            "firefox_android": {
              "version_added": "32"
            },
            "ie": {
              "version_added": false
            },
            "opera": {
              "version_added": true
            },
            "opera_android": {
              "version_added": null
            },
            "safari": {
              "version_added": "8"
            },
            "safari_ios": {
              "version_added": "8"
            },
            "samsunginternet_android": {
              "version_added": null
            },
            "webview_android": {
              "version_added": "41"
            }
          },
          "status": {
            "experimental": false,
            "standard_track": true,
            "deprecated": false
          }
        },
        "svg": {
          "__compat": {
            "description": "On SVG elements",
            "support": {
              "chrome": {
                "version_added": "41"
              },
              "chrome_android": {
                "version_added": null
              },
              "edge": {
                "version_added": false
              },
              "edge_mobile": {
                "version_added": true
              },
              "firefox": {
                "version_added": "32"
              },
              "firefox_android": {
                "version_added": "32"
              },
              "ie": {
                "version_added": false
              },
              "opera": {
                "version_added": false
              },
              "opera_android": {
                "version_added": false
              },
              "safari": {
                "version_added": false
              },
              "safari_ios": {
                "version_added": false
              },
              "samsunginternet_android": {
                "version_added": null
              },
              "webview_android": {
                "version_added": false
              }
            },
            "status": {
              "experimental": false,
              "standard_track": true,
              "deprecated": false
            }
          }
        }
      }
    }
  }
}
