{
  "css": {
    "properties": {
      "offset": {
        "__compat": {
          "mdn_url": "https://developer.mozilla.org/docs/Web/CSS/offset",
          "support": {
            "chrome": [
              {
                "version_added": "55"
              },
              {
                "alternative_name": "motion",
                "version_added": "46"
              }
            ],
            "chrome_android": [
              {
                "version_added": "55"
              },
              {
                "alternative_name": "motion",
                "version_added": "46"
              }
            ],
            "edge": {
              "version_added": null
            },
            "edge_mobile": {
              "version_added": null
            },
            "firefox": {
              "version_added": null
            },
            "firefox_android": {
              "version_added": null
            },
            "ie": {
              "version_added": null
            },
            "opera": {
              "version_added": null
            },
            "opera_android": {
              "version_added": null
            },
            "safari": {
              "version_added": null
            },
            "safari_ios": {
              "version_added": null
            },
            "samsunginternet_android": {
              "version_added": "6.0"
            },
            "webview_android": [
              {
                "version_added": "55"
              },
              {
                "alternative_name": "motion",
                "version_added": "46"
              }
            ]
          },
          "status": {
            "experimental": true,
            "standard_track": true,
            "deprecated": false
          }
        }
      }
    }
  }
}
