{
  "css": {
    "properties": {
      "page-break-before": {
        "__compat": {
          "mdn_url": "https://developer.mozilla.org/docs/Web/CSS/page-break-before",
          "support": {
            "chrome": {
              "version_added": "1"
            },
            "chrome_android": {
              "version_added": null
            },
            "edge": {
              "version_added": "12"
            },
            "edge_mobile": {
              "version_added": true
            },
            "firefox": {
              "version_added": "1",
              "notes": "The values <code>avoid</code>, <code>left</code>, and <code>right</code> are unsupported."
            },
            "firefox_android": {
              "version_added": "4",
              "notes": "The values <code>avoid</code>, <code>left</code>, and <code>right</code> are unsupported."
            },
            "ie": {
              "version_added": "4"
            },
            "opera": {
              "version_added": "7"
            },
            "opera_android": {
              "version_added": null
            },
            "safari": {
              "version_added": "1.2"
            },
            "safari_ios": {
              "version_added": null
            },
            "samsunginternet_android": {
              "version_added": null
            },
            "webview_android": {
              "version_added": null
            }
          },
          "status": {
            "experimental": false,
            "standard_track": true,
            "deprecated": false
          }
        }
      }
    }
  }
}
