{
  "css": {
    "properties": {
      "ruby-align": {
        "__compat": {
          "mdn_url": "https://developer.mozilla.org/docs/Web/CSS/ruby-align",
          "support": {
            "chrome": {
              "version_added": false
            },
            "chrome_android": {
              "version_added": null
            },
            "edge": {
              "version_added": false,
              "notes": "Edge supports an earlier draft of CSS Ruby with non-standard values for this property: <code>auto</code>, <code>left</code>, <code>center</code>, <code>right</code>, <code>distribute-letter</code>, <code>distribute-space</code>, and <code>line-edge</code>."
            },
            "edge_mobile": {
              "version_added": null
            },
            "firefox": {
              "version_added": "38"
            },
            "firefox_android": {
              "version_added": "38"
            },
            "ie": {
              "version_added": false,
              "notes": "Internet Explorer 9 and later supports an earlier draft of CSS Ruby with non-standard values for this property: <code>auto</code>, <code>left</code>, <code>center</code>, <code>right</code>, <code>distribute-letter</code>, <code>distribute-space</code>, and <code>line-edge</code>."
            },
            "opera": {
              "version_added": false
            },
            "opera_android": {
              "version_added": false
            },
            "safari": {
              "version_added": false
            },
            "safari_ios": {
              "version_added": false
            },
            "samsunginternet_android": {
              "version_added": false
            },
            "webview_android": {
              "version_added": false
            }
          },
          "status": {
            "experimental": true,
            "standard_track": true,
            "deprecated": false
          }
        }
      }
    }
  }
}
