{
  "css": {
    "properties": {
      "scroll-snap-type": {
        "__compat": {
          "mdn_url": "https://developer.mozilla.org/docs/Web/CSS/scroll-snap-type",
          "support": {
            "chrome": {
              "version_added": "69"
            },
            "chrome_android": {
              "version_added": "69"
            },
            "edge": {
              "version_added": "12",
              "prefix": "-ms-",
              "notes": "Edge supports an earlier draft of CSS Scroll Snap without axis values."
            },
            "edge_mobile": {
              "version_added": "12",
              "prefix": "-ms-",
              "notes": "Edge supports an earlier draft of CSS Scroll Snap without axis values."
            },
            "firefox": {
              "version_added": "39",
              "notes": "Firefox supports an earlier draft of CSS Scroll Snap without axis values."
            },
            "firefox_android": [
              {
                "version_added": "46",
                "notes": "Firefox supports an earlier draft of CSS Scroll Snap without axis values."
              },
              {
                "version_added": "39",
                "flags": [
                  {
                    "type": "preference",
                    "name": "layout.css.scroll-snap.enabled",
                    "value_to_set": "true"
                  }
                ]
              }
            ],
            "ie": {
              "version_added": "10",
              "prefix": "-ms-",
              "notes": "Internet Explorer supports an earlier draft of CSS Scroll Snap without axis values."
            },
            "opera": {
              "version_added": "56"
            },
            "opera_android": {
              "version_added": "56"
            },
            "safari": [
              {
                "version_added": "11"
              },
              {
                "version_added": "9",
                "prefix": "-webkit-",
                "notes": "Older Safari versions support an earlier draft of CSS Scroll Snap without axis values."
              }
            ],
            "safari_ios": [
              {
                "version_added": "11"
              },
              {
                "version_added": "9",
                "prefix": "-webkit-",
                "notes": "Older Safari versions support an earlier draft of CSS Scroll Snap without axis values."
              }
            ],
            "samsunginternet_android": {
              "version_added": false
            },
            "webview_android": {
              "version_added": "69"
            }
          },
          "status": {
            "experimental": false,
            "standard_track": true,
            "deprecated": false
          }
        }
      }
    }
  }
}
