{
  "css": {
    "properties": {
      "scrollbar-color": {
        "__compat": {
          "mdn_url": "https://developer.mozilla.org/docs/Web/CSS/scrollbar-color",
          "support": {
            "chrome": {
              "version_added": false
            },
            "chrome_android": {
              "version_added": false
            },
            "edge": {
              "version_added": false
            },
            "edge_mobile": {
              "version_added": false
            },
            "firefox": [
              {
                "version_added": "64",
                "notes": "On macOS, you need to set the <em>General</em> > <em>Show scroll bars</em> setting in System Preferences to \"Always\" for this property to have any effect."
              },
              {
                "version_added": "63",
                "flags": [
                  {
                    "type": "preference",
                    "name": "layout.css.scrollbar-color.enabled",
                    "value_to_set": "true"
                  }
                ]
              }
            ],
            "firefox_android": [
              {
                "version_added": "64"
              },
              {
                "version_added": "63",
                "flags": [
                  {
                    "type": "preference",
                    "name": "layout.css.scrollbar-color.enabled",
                    "value_to_set": "true"
                  }
                ]
              }
            ],
            "ie": {
              "version_added": false
            },
            "opera": {
              "version_added": false
            },
            "opera_android": {
              "version_added": false
            },
            "safari": {
              "version_added": false
            },
            "safari_ios": {
              "version_added": false
            },
            "samsunginternet_android": {
              "version_added": false
            },
            "webview_android": {
              "version_added": false
            }
          },
          "status": {
            "experimental": true,
            "standard_track": true,
            "deprecated": false
          }
        }
      }
    }
  }
}
