{
  "css": {
    "properties": {
      "shape-image-threshold": {
        "__compat": {
          "mdn_url": "https://developer.mozilla.org/docs/Web/CSS/shape-image-threshold",
          "support": {
            "chrome": {
              "version_added": "37"
            },
            "chrome_android": {
              "version_added": "37"
            },
            "edge": {
              "version_added": null
            },
            "edge_mobile": {
              "version_added": null
            },
            "firefox": [
              {
                "version_added": "62"
              },
              {
                "version_added": "61",
                "version_removed": "62",
                "flags": [
                  {
                    "type": "preference",
                    "name": "layout.css.shape-outside.enabled",
                    "value_to_set": "true"
                  }
                ]
              }
            ],
            "firefox_android": [
              {
                "version_added": "62"
              },
              {
                "version_added": "61",
                "version_removed": "62",
                "flags": [
                  {
                    "type": "preference",
                    "name": "layout.css.shape-outside.enabled",
                    "value_to_set": "true"
                  }
                ]
              }
            ],
            "ie": {
              "version_added": false
            },
            "opera": {
              "version_added": "24"
            },
            "opera_android": {
              "version_added": "24"
            },
            "safari": {
              "version_added": "10.1"
            },
            "safari_ios": {
              "version_added": "10.3"
            },
            "samsunginternet_android": {
              "version_added": "4.0"
            },
            "webview_android": {
              "version_added": "37"
            }
          },
          "status": {
            "experimental": false,
            "standard_track": true,
            "deprecated": false
          }
        }
      }
    }
  }
}
