{
  "css": {
    "properties": {
      "shape-outside": {
        "__compat": {
          "mdn_url": "https://developer.mozilla.org/docs/Web/CSS/shape-outside",
          "support": {
            "chrome": {
              "version_added": "37"
            },
            "chrome_android": {
              "version_added": "37"
            },
            "edge": {
              "version_added": false
            },
            "edge_mobile": {
              "version_added": false
            },
            "firefox": [
              {
                "version_added": "62"
              },
              {
                "version_added": "61",
                "version_removed": "62",
                "flags": [
                  {
                    "type": "preference",
                    "name": "layout.css.shape-outside.enabled",
                    "value_to_set": "true"
                  }
                ]
              }
            ],
            "firefox_android": [
              {
                "version_added": "62"
              },
              {
                "version_added": "61",
                "version_removed": "62",
                "flags": [
                  {
                    "type": "preference",
                    "name": "layout.css.shape-outside.enabled",
                    "value_to_set": "true"
                  }
                ]
              }
            ],
            "ie": {
              "version_added": false
            },
            "opera": {
              "version_added": "24"
            },
            "opera_android": {
              "version_added": "24"
            },
            "safari": {
              "version_added": "10.1"
            },
            "safari_ios": {
              "version_added": "10.3"
            },
            "samsunginternet_android": {
              "version_added": "4.0"
            },
            "webview_android": {
              "version_added": "37"
            }
          },
          "status": {
            "experimental": false,
            "standard_track": true,
            "deprecated": false
          }
        },
        "image": {
          "__compat": {
            "mdn_url": "https://developer.mozilla.org/docs/Web/CSS/image",
            "description": "<code>&lt;image&gt;</code>",
            "support": {
              "chrome": {
                "version_added": "37"
              },
              "chrome_android": {
                "version_added": "37"
              },
              "edge": {
                "version_added": false
              },
              "edge_mobile": {
                "version_added": false
              },
              "firefox": [
                {
                  "version_added": "62"
                },
                {
                  "version_added": "61",
                  "version_removed": "62",
                  "flags": [
                    {
                      "type": "preference",
                      "name": "layout.css.shape-outside.enabled",
                      "value_to_set": "true"
                    }
                  ]
                }
              ],
              "firefox_android": [
                {
                  "version_added": "62"
                },
                {
                  "version_added": "61",
                  "version_removed": "62",
                  "flags": [
                    {
                      "type": "preference",
                      "name": "layout.css.shape-outside.enabled",
                      "value_to_set": "true"
                    }
                  ]
                }
              ],
              "ie": {
                "version_added": false
              },
              "opera": {
                "version_added": "24"
              },
              "opera_android": {
                "version_added": "24"
              },
              "safari": {
                "version_added": "10.1"
              },
              "safari_ios": {
                "version_added": "10.3"
              },
              "samsunginternet_android": {
                "version_added": "4.0"
              },
              "webview_android": {
                "version_added": "37"
              }
            },
            "status": {
              "experimental": false,
              "standard_track": true,
              "deprecated": false
            }
          }
        },
        "gradient": {
          "__compat": {
            "mdn_url": "https://developer.mozilla.org/docs/Web/CSS/gradient",
            "description": "<code>&lt;gradient&gt;</code>",
            "support": {
              "chrome": {
                "version_added": "37"
              },
              "chrome_android": {
                "version_added": "37"
              },
              "edge": {
                "version_added": false
              },
              "edge_mobile": {
                "version_added": false
              },
              "firefox": [
                {
                  "version_added": "62"
                },
                {
                  "version_added": "61",
                  "version_removed": "62",
                  "flags": [
                    {
                      "type": "preference",
                      "name": "layout.css.shape-outside.enabled",
                      "value_to_set": "true"
                    }
                  ]
                }
              ],
              "firefox_android": [
                {
                  "version_added": "62"
                },
                {
                  "version_added": "61",
                  "version_removed": "62",
                  "flags": [
                    {
                      "type": "preference",
                      "name": "layout.css.shape-outside.enabled",
                      "value_to_set": "true"
                    }
                  ]
                }
              ],
              "ie": {
                "version_added": false
              },
              "opera": {
                "version_added": "24"
              },
              "opera_android": {
                "version_added": "24"
              },
              "safari": {
                "version_added": "10.1"
              },
              "safari_ios": {
                "version_added": "10.3"
              },
              "samsunginternet_android": {
                "version_added": "4.0"
              },
              "webview_android": {
                "version_added": "37"
              }
            },
            "status": {
              "experimental": false,
              "standard_track": true,
              "deprecated": false
            }
          }
        },
        "inset": {
          "__compat": {
            "mdn_url": "https://developer.mozilla.org/docs/Web/CSS/basic-shape#inset()",
            "description": "<code>inset()</code>",
            "support": {
              "chrome": {
                "version_added": "37"
              },
              "chrome_android": {
                "version_added": "37"
              },
              "edge": {
                "version_added": false
              },
              "edge_mobile": {
                "version_added": false
              },
              "firefox": [
                {
                  "version_added": "62"
                },
                {
                  "version_added": "61",
                  "version_removed": "62",
                  "flags": [
                    {
                      "type": "preference",
                      "name": "layout.css.shape-outside.enabled",
                      "value_to_set": "true"
                    }
                  ]
                }
              ],
              "firefox_android": [
                {
                  "version_added": "62"
                },
                {
                  "version_added": "61",
                  "version_removed": "62",
                  "flags": [
                    {
                      "type": "preference",
                      "name": "layout.css.shape-outside.enabled",
                      "value_to_set": "true"
                    }
                  ]
                }
              ],
              "ie": {
                "version_added": false
              },
              "opera": {
                "version_added": "24"
              },
              "opera_android": {
                "version_added": "24"
              },
              "safari": {
                "version_added": "10.1"
              },
              "safari_ios": {
                "version_added": "10.3"
              },
              "samsunginternet_android": {
                "version_added": "4.0"
              },
              "webview_android": {
                "version_added": "37"
              }
            },
            "status": {
              "experimental": false,
              "standard_track": true,
              "deprecated": false
            }
          }
        },
        "circle": {
          "__compat": {
            "mdn_url": "https://developer.mozilla.org/docs/Web/CSS/basic-shape#circle()",
            "description": "<code>circle()</code>",
            "support": {
              "chrome": {
                "version_added": "37"
              },
              "chrome_android": {
                "version_added": "37"
              },
              "edge": {
                "version_added": false
              },
              "edge_mobile": {
                "version_added": false
              },
              "firefox": [
                {
                  "version_added": "62"
                },
                {
                  "version_added": "61",
                  "version_removed": "62",
                  "flags": [
                    {
                      "type": "preference",
                      "name": "layout.css.shape-outside.enabled",
                      "value_to_set": "true"
                    }
                  ]
                }
              ],
              "firefox_android": [
                {
                  "version_added": "62"
                },
                {
                  "version_added": "61",
                  "version_removed": "62",
                  "flags": [
                    {
                      "type": "preference",
                      "name": "layout.css.shape-outside.enabled",
                      "value_to_set": "true"
                    }
                  ]
                }
              ],
              "ie": {
                "version_added": false
              },
              "opera": {
                "version_added": "24"
              },
              "opera_android": {
                "version_added": "24"
              },
              "safari": {
                "version_added": "10.1"
              },
              "safari_ios": {
                "version_added": "10.3"
              },
              "samsunginternet_android": {
                "version_added": "4.0"
              },
              "webview_android": {
                "version_added": "37"
              }
            },
            "status": {
              "experimental": false,
              "standard_track": true,
              "deprecated": false
            }
          }
        },
        "polygon": {
          "__compat": {
            "mdn_url": "https://developer.mozilla.org/docs/Web/CSS/basic-shape#polygon()",
            "description": "<code>polygon()</code>",
            "support": {
              "chrome": {
                "version_added": "37"
              },
              "chrome_android": {
                "version_added": "37"
              },
              "edge": {
                "version_added": false
              },
              "edge_mobile": {
                "version_added": false
              },
              "firefox": [
                {
                  "version_added": "62"
                },
                {
                  "version_added": "61",
                  "version_removed": "62",
                  "flags": [
                    {
                      "type": "preference",
                      "name": "layout.css.shape-outside.enabled",
                      "value_to_set": "true"
                    }
                  ]
                }
              ],
              "firefox_android": [
                {
                  "version_added": "62"
                },
                {
                  "version_added": "61",
                  "version_removed": "62",
                  "flags": [
                    {
                      "type": "preference",
                      "name": "layout.css.shape-outside.enabled",
                      "value_to_set": "true"
                    }
                  ]
                }
              ],
              "ie": {
                "version_added": false
              },
              "opera": {
                "version_added": "24"
              },
              "opera_android": {
                "version_added": "24"
              },
              "safari": {
                "version_added": "10.1"
              },
              "safari_ios": {
                "version_added": "10.3"
              },
              "samsunginternet_android": {
                "version_added": "4.0"
              },
              "webview_android": {
                "version_added": "37"
              }
            },
            "status": {
              "experimental": false,
              "standard_track": true,
              "deprecated": false
            }
          }
        }
      }
    }
  }
}
