{
  "css": {
    "properties": {
      "text-decoration-color": {
        "__compat": {
          "mdn_url": "https://developer.mozilla.org/docs/Web/CSS/text-decoration-color",
          "support": {
            "chrome": {
              "version_added": "57"
            },
            "chrome_android": {
              "version_added": "57"
            },
            "edge": {
              "version_added": null
            },
            "edge_mobile": {
              "version_added": null
            },
            "firefox": [
              {
                "version_added": "36"
              },
              {
                "prefix": "-moz-",
                "version_added": "6",
                "version_removed": "39"
              }
            ],
            "firefox_android": [
              {
                "version_added": "36"
              },
              {
                "prefix": "-moz-",
                "version_added": "6",
                "version_removed": "39"
              }
            ],
            "ie": {
              "version_added": false
            },
            "opera": {
              "version_added": "44"
            },
            "opera_android": {
              "version_added": "44"
            },
            "safari": {
              "prefix": "-webkit-",
              "version_added": true
            },
            "safari_ios": {
              "prefix": "-webkit-",
              "version_added": "8"
            },
            "samsunginternet_android": {
              "version_added": "7.0"
            },
            "webview_android": {
              "version_added": "57"
            }
          },
          "status": {
            "experimental": false,
            "standard_track": true,
            "deprecated": false
          }
        }
      }
    }
  }
}
