{
  "css": {
    "properties": {
      "text-emphasis-position": {
        "__compat": {
          "mdn_url": "https://developer.mozilla.org/docs/Web/CSS/text-emphasis-position",
          "support": {
            "chrome": [
              {
                "version_added": true
              },
              {
                "prefix": "-webkit-",
                "version_added": "25"
              }
            ],
            "chrome_android": {
              "version_added": true
            },
            "edge": {
              "version_added": null
            },
            "edge_mobile": {
              "version_added": null
            },
            "firefox": [
              {
                "version_added": "46"
              },
              {
                "version_added": "45",
                "version_removed": "49",
                "flags": [
                  {
                    "type": "preference",
                    "name": "layout.css.text-emphasis.enabled",
                    "value_to_set": "true"
                  }
                ]
              }
            ],
            "firefox_android": [
              {
                "version_added": "46"
              },
              {
                "version_added": "45",
                "version_removed": "49",
                "flags": [
                  {
                    "type": "preference",
                    "name": "layout.css.text-emphasis.enabled",
                    "value_to_set": "true"
                  }
                ]
              }
            ],
            "ie": {
              "version_added": false
            },
            "opera": [
              {
                "version_added": true
              },
              {
                "prefix": "-webkit-",
                "version_added": "15"
              }
            ],
            "opera_android": [
              {
                "version_added": true
              },
              {
                "prefix": "-webkit-",
                "version_added": "33"
              }
            ],
            "safari": [
              {
                "version_added": true
              },
              {
                "prefix": "-webkit-",
                "version_added": "6.1"
              }
            ],
            "safari_ios": {
              "version_added": null
            },
            "samsunginternet_android": {
              "version_added": true
            },
            "webview_android": [
              {
                "version_added": true
              },
              {
                "prefix": "-webkit-",
                "version_added": "4.4"
              }
            ]
          },
          "status": {
            "experimental": false,
            "standard_track": true,
            "deprecated": false
          }
        },
        "left_and_right": {
          "__compat": {
            "description": "<code>left</code> and <code>right</code>",
            "support": {
              "chrome": {
                "version_added": "62"
              },
              "chrome_android": {
                "version_added": "62"
              },
              "edge": {
                "version_added": null
              },
              "edge_mobile": {
                "version_added": null
              },
              "firefox": {
                "version_added": "46"
              },
              "firefox_android": {
                "version_added": "46"
              },
              "ie": {
                "version_added": false
              },
              "opera": {
                "version_added": "49"
              },
              "opera_android": {
                "version_added": "49"
              },
              "safari": {
                "version_added": true
              },
              "safari_ios": {
                "version_added": null
              },
              "samsunginternet_android": {
                "version_added": false
              },
              "webview_android": {
                "version_added": "62"
              }
            },
            "status": {
              "experimental": false,
              "standard_track": true,
              "deprecated": false
            }
          }
        }
      }
    }
  }
}
