{
  "css": {
    "properties": {
      "text-size-adjust": {
        "__compat": {
          "mdn_url": "https://developer.mozilla.org/docs/Web/CSS/text-size-adjust",
          "support": {
            "chrome": [
              {
                "version_added": "54"
              },
              {
                "prefix": "-webkit-",
                "version_added": false,
                "notes": "Instead of ignoring the <code>-webkit-text-size-adjust</code> property, a bug prevents desktop Chrome users from zooming in or out. The bug was fixed after Chrome 26."
              }
            ],
            "chrome_android": {
              "version_added": "54"
            },
            "edge": {
              "prefix": "-webkit-",
              "version_added": "12"
            },
            "edge_mobile": [
              {
                "prefix": "-ms-",
                "version_added": true
              },
              {
                "prefix": "-webkit-",
                "version_added": true
              }
            ],
            "firefox": {
              "version_added": false
            },
            "firefox_android": [
              {
                "prefix": "-moz-",
                "version_added": true
              },
              {
                "prefix": "-webkit-",
                "version_added": "49"
              },
              {
                "prefix": "-webkit-",
                "version_added": "44",
                "flags": [
                  {
                    "type": "preference",
                    "name": "layout.css.prefixes.webkit",
                    "value_to_set": "true"
                  }
                ]
              }
            ],
            "ie": {
              "version_added": false
            },
            "opera": {
              "version_added": "42"
            },
            "opera_android": {
              "version_added": "42"
            },
            "safari": [
              {
                "version_added": false
              },
              {
                "prefix": "-webkit-",
                "version_added": false,
                "notes": "Instead of ignoring the <code>-webkit-text-size-adjust</code> property, a bug prevents desktop Safari users from zooming in or out. The bug was fixed after Safari 5."
              }
            ],
            "safari_ios": {
              "prefix": "-webkit-",
              "version_added": true
            },
            "samsunginternet_android": {
              "version_added": "6.0"
            },
            "webview_android": {
              "version_added": "54"
            }
          },
          "status": {
            "experimental": true,
            "standard_track": true,
            "deprecated": false
          }
        },
        "percentages": {
          "__compat": {
            "description": "<code>&lt;percentage&gt;</code>",
            "support": {
              "chrome": {
                "version_added": null
              },
              "chrome_android": {
                "version_added": null
              },
              "edge": {
                "version_added": true
              },
              "edge_mobile": {
                "version_added": true
              },
              "firefox": {
                "version_added": false
              },
              "firefox_android": {
                "version_added": false
              },
              "ie": {
                "version_added": false
              },
              "opera": {
                "version_added": false
              },
              "opera_android": {
                "version_added": false
              },
              "safari": {
                "version_added": false
              },
              "safari_ios": {
                "version_added": true
              },
              "samsunginternet_android": {
                "version_added": null
              },
              "webview_android": {
                "version_added": null
              }
            },
            "status": {
              "experimental": true,
              "standard_track": true,
              "deprecated": false
            }
          }
        }
      }
    }
  }
}
