{
  "css": {
    "properties": {
      "text-overflow": {
        "__compat": {
          "mdn_url": "https://developer.mozilla.org/docs/Web/CSS/text-overflow",
          "support": {
            "chrome": {
              "version_added": "1"
            },
            "chrome_android": {
              "version_added": null
            },
            "edge": {
              "version_added": "12"
            },
            "edge_mobile": {
              "version_added": true
            },
            "firefox": {
              "version_added": "7",
              "notes": "Until Firefox 10, handling of <code>text-overflow</code> on blocks with inline overflow on both horizontal sides was incorrect. Before Firefox 10, if only one value was specified (such as <code>text-overflow: ellipsis;</code>), text was ellipsed on both sides of the block, instead of only the end edge based on the block's text direction."
            },
            "firefox_android": {
              "version_added": "7",
              "notes": "Until Firefox 10, handling of <code>text-overflow</code> on blocks with inline overflow on both horizontal sides was incorrect. Before Firefox 10, if only one value was specified (such as <code>text-overflow: ellipsis;</code>), text was ellipsed on both sides of the block, instead of only the end edge based on the block's text direction."
            },
            "ie": [
              {
                "version_added": "6"
              },
              {
                "prefix": "-ms-",
                "version_added": "8"
              }
            ],
            "opera": [
              {
                "version_added": "11"
              },
              {
                "prefix": "-o-",
                "version_added": "9"
              }
            ],
            "opera_android": {
              "version_added": true
            },
            "safari": {
              "version_added": "1.3"
            },
            "safari_ios": {
              "version_added": true
            },
            "samsunginternet_android": {
              "version_added": null
            },
            "webview_android": {
              "version_added": true
            }
          },
          "status": {
            "experimental": false,
            "standard_track": true,
            "deprecated": false
          }
        },
        "two_value_syntax": {
          "__compat": {
            "description": "Two-value syntax",
            "support": {
              "chrome": {
                "version_added": false
              },
              "chrome_android": {
                "version_added": null
              },
              "edge": {
                "version_added": false
              },
              "edge_mobile": {
                "version_added": false
              },
              "firefox": {
                "version_added": "9"
              },
              "firefox_android": {
                "version_added": "9"
              },
              "ie": {
                "version_added": false
              },
              "opera": {
                "version_added": false
              },
              "opera_android": {
                "version_added": false
              },
              "safari": {
                "version_added": false
              },
              "safari_ios": {
                "version_added": false
              },
              "samsunginternet_android": {
                "version_added": false
              },
              "webview_android": {
                "version_added": false
              }
            },
            "status": {
              "experimental": true,
              "standard_track": true,
              "deprecated": false
            }
          }
        },
        "string": {
          "__compat": {
            "description": "&lt;string&gt;",
            "support": {
              "chrome": {
                "version_added": false
              },
              "chrome_android": {
                "version_added": null
              },
              "edge": {
                "version_added": false
              },
              "edge_mobile": {
                "version_added": false
              },
              "firefox": {
                "version_added": "9"
              },
              "firefox_android": {
                "version_added": "9"
              },
              "ie": {
                "version_added": false
              },
              "opera": {
                "version_added": false
              },
              "opera_android": {
                "version_added": false
              },
              "safari": {
                "version_added": false
              },
              "safari_ios": {
                "version_added": false
              },
              "samsunginternet_android": {
                "version_added": false
              },
              "webview_android": {
                "version_added": false
              }
            },
            "status": {
              "experimental": true,
              "standard_track": true,
              "deprecated": false
            }
          }
        },
        "fade_value": {
          "__compat": {
            "description": "<code>fade</code>",
            "support": {
              "chrome": {
                "version_added": false
              },
              "chrome_android": {
                "version_added": null
              },
              "edge": {
                "version_added": false
              },
              "edge_mobile": {
                "version_added": false
              },
              "firefox": {
                "version_added": false
              },
              "firefox_android": {
                "version_added": false
              },
              "ie": {
                "version_added": false
              },
              "opera": {
                "version_added": false
              },
              "opera_android": {
                "version_added": false
              },
              "safari": {
                "version_added": false
              },
              "safari_ios": {
                "version_added": false
              },
              "samsunginternet_android": {
                "version_added": false
              },
              "webview_android": {
                "version_added": false
              }
            },
            "status": {
              "experimental": true,
              "standard_track": true,
              "deprecated": false
            }
          }
        },
        "fade_function": {
          "__compat": {
            "description": "<code>fade()</code>",
            "support": {
              "chrome": {
                "version_added": false
              },
              "chrome_android": {
                "version_added": null
              },
              "edge": {
                "version_added": false
              },
              "edge_mobile": {
                "version_added": false
              },
              "firefox": {
                "version_added": false
              },
              "firefox_android": {
                "version_added": false
              },
              "ie": {
                "version_added": false
              },
              "opera": {
                "version_added": false
              },
              "opera_android": {
                "version_added": false
              },
              "safari": {
                "version_added": false
              },
              "safari_ios": {
                "version_added": false
              },
              "samsunginternet_android": {
                "version_added": false
              },
              "webview_android": {
                "version_added": false
              }
            },
            "status": {
              "experimental": true,
              "standard_track": true,
              "deprecated": false
            }
          }
        }
      }
    }
  }
}
